protocol,stratum,value,events,realtime_rows,targets,base_mae,final_mae,delta_mae,base_rmse,final_rmse,delta_rmse,fields_ge5,one_station_fields_ge5
random,target_type,triggered_noninput,1301,6256,33601,0.23089298339160855,0.224602052866941,-0.0062909305246675595,0.29446365356712495,0.28805823911648004,-0.0064054144506449084,2530,667
random,target_type,untriggered,1292,6289,42053,0.2573109471322855,0.24839622811982162,-0.008914719012463851,0.33603563594229136,0.32860594760903217,-0.007429688333259188,3516,897
random,observable_route,observed_unique,0,0,0,,,,,,,0,0
random,observable_route,transport,1310,9681,75654,0.24557766138863033,0.23782827292020176,-0.00774938846842857,0.3182428900279752,0.31124980247244943,-0.0069930875555257455,5762,1494
random,observable_route,ambiguous_transport,0,0,0,,,,,,,0,0
random,actual_station_count,1,1067,2690,19861,0.2910040426786057,0.27866477380795884,-0.012339268870646847,0.36549104001229316,0.3568201548953373,-0.008670885116955851,1494,1494
random,actual_station_count,2,472,992,4835,0.2434228397547792,0.2310642823411514,-0.012358557413627819,0.30662017176263223,0.29356262984035764,-0.013057541922274596,358,0
random,actual_station_count,3,909,1843,15897,0.24256261865499582,0.2360390282592678,-0.006523590395728002,0.3173283748428617,0.3110490079803968,-0.006279366862464886,1206,0
random,actual_station_count,4,297,499,2585,0.22403393994595286,0.21864323013766562,-0.005390709808287236,0.29557161661077963,0.29126606979804287,-0.00430554681273676,195,0
random,actual_station_count,5,728,1181,10998,0.23184934380444897,0.22562637998762072,-0.006222963816828242,0.3018219657771926,0.29516407398158745,-0.006657891795605164,849,0
random,actual_station_count,6,170,239,1422,0.22123611598824441,0.2108865774389875,-0.01034953854925691,0.2896628525149112,0.27851940865671154,-0.011143443858199653,113,0
random,actual_station_count,7,143,178,1071,0.1943892409397162,0.19058828852743773,-0.0038009524122784855,0.25672448106161566,0.25233130001144377,-0.00439318105017189,81,0
random,actual_station_count,8,530,838,8338,0.2215092374293572,0.21719563505329723,-0.004313602376059961,0.2915761739532303,0.2873256541300765,-0.004250519823153831,650,0
random,actual_station_count,9,76,87,567,0.21545963401280382,0.20875176565961442,-0.0067078683531894,0.27658730148219773,0.27086464902444435,-0.0057226524577533855,40,0
random,actual_station_count,10,83,101,487,0.223127583990321,0.21429917172316532,-0.008828412267155694,0.29039250267478456,0.2834336298235835,-0.006958872851201059,39,0
random,actual_station_count,11,87,101,537,0.2192581477132756,0.21801204412995215,-0.0012461035833234435,0.30255604162074123,0.3038016769152227,0.001245635294481462,41,0
random,actual_station_count,12,369,499,4861,0.21466811514895706,0.21111726812821272,-0.0035508470207443465,0.2802550623265825,0.2754569552058315,-0.004798107120750961,374,0
random,actual_station_count,13,29,34,129,0.20684672695721767,0.1997050776962162,-0.00714164926100147,0.2638305394057133,0.2504475183605056,-0.013383021045207721,8,0
random,actual_station_count,14,24,24,141,0.22233969008827464,0.21940589113596906,-0.002933798952305583,0.2763704250797088,0.27298395312460455,-0.0033864719551042755,12,0
random,actual_station_count,15,39,40,257,0.20974638527585374,0.20529208981689312,-0.0044542954589606165,0.271631326864814,0.2673169115501817,-0.0043144153146322806,21,0
random,actual_station_count,16,252,335,3668,0.2081745437426474,0.20487554218910972,-0.0032990015535376838,0.2728540079031282,0.26890734139411326,-0.003946666509014929,281,0
random,requested_elapsed_time_seconds,1,1310,1821,16348,0.25509119405463054,0.24339119931581682,-0.011699994738813724,0.32792364821005854,0.31842492104617415,-0.00949872716388439,1261,463
random,requested_elapsed_time_seconds,3,1310,1310,11052,0.23169200370741755,0.22411407073038456,-0.007577932977032992,0.3003510901822085,0.29409156481942744,-0.006259525362781071,867,200
random,requested_elapsed_time_seconds,5,1310,1310,10071,0.2314157941453911,0.2258151502821016,-0.005600643863289484,0.30268141216055294,0.2981972473886083,-0.004484164771944632,773,175
random,requested_elapsed_time_seconds,10,1310,1310,9491,0.24817178495178466,0.24203517884518078,-0.006136606106603881,0.3232533142362832,0.31891811425361394,-0.0043351999826692356,704,176
random,requested_elapsed_time_seconds,20,1310,1310,9603,0.2551491933173124,0.24573056399409152,-0.009418629323220878,0.3269337207453,0.31832574277289194,-0.008607977972408087,725,175
random,requested_elapsed_time_seconds,40,1310,1310,9647,0.2461397979550163,0.23984250877568625,-0.006297289179330062,0.3195178236075662,0.3118697308529534,-0.007648092754612812,721,162
random,requested_elapsed_time_seconds,90,1310,1310,9442,0.2475477993224047,0.2427388873409021,-0.0048089119815026005,0.3224045874143249,0.3160909394911259,-0.006313647923198995,711,143
normal,target_type,input,1383,9681,63651,0.09845222185262353,0.09451995564521443,-0.0039322662074091075,0.15509629516596182,0.1483215674256521,-0.006774727740309711,5663,0
normal,target_type,triggered_noninput,257,892,4003,0.18625401511695072,0.17956730044344982,-0.006686714673500904,0.23782527533367925,0.22688561969125925,-0.010939655642419999,404,0
normal,target_type,untriggered,1290,3869,22116,0.21473664775965287,0.2028722622147872,-0.011864385544865658,0.2752065084938971,0.2605197334457221,-0.014686775048175005,2090,189
normal,observable_route,observed_unique,1383,9681,63651,0.09845222185262353,0.09451995564521443,-0.0039322662074091075,0.15509629516596182,0.1483215674256521,-0.006774727740309711,5663,0
normal,observable_route,transport,1290,4523,26119,0.21037139723441312,0.19930054193565463,-0.01107085529875848,0.2698137083163067,0.2556522452871697,-0.014161463029137011,2525,189
normal,observable_route,ambiguous_transport,0,0,0,,,,,,,0,0
normal,actual_station_count,1,570,1230,3736,0.2763750859108959,0.25082818279715907,-0.025546903113736807,0.3386721398413769,0.3102763807009393,-0.02839575914043757,234,234
normal,actual_station_count,2,590,1064,5405,0.2138008816900127,0.19923671491024758,-0.01456416677976513,0.27697279997455393,0.2595917420559675,-0.017381057918586407,357,0
normal,actual_station_count,3,538,942,5817,0.18742455406107575,0.17733120408420044,-0.010093349976875304,0.2506881131021515,0.2406147680477702,-0.010073345054381289,369,0
normal,actual_station_count,4,464,782,5453,0.1684929748986514,0.1606970142092865,-0.007795960689364889,0.22798498573553513,0.21757512802547518,-0.01040985771005995,370,0
normal,actual_station_count,5,345,575,4154,0.15379497199061473,0.14544349182110153,-0.008351480169513203,0.21319462049955015,0.2006703788226587,-0.012524241676891451,575,0
normal,actual_station_count,6,309,478,4175,0.14542805192289418,0.13874321475290433,-0.0066848371699898546,0.2062720654963891,0.19689919422727967,-0.009372871269109434,478,0
normal,actual_station_count,7,291,443,4237,0.13003747084499553,0.1251320975227155,-0.004905373322280027,0.18450301392887944,0.17643398038387728,-0.008069033545002158,443,0
normal,actual_station_count,8,229,331,3407,0.13498627056296897,0.1305184860267937,-0.004467784536175273,0.19368568234106187,0.18680928544045852,-0.006876396900603349,331,0
normal,actual_station_count,9,227,324,3559,0.12096351572737744,0.11484637398485335,-0.00611714174252409,0.17744589928016893,0.16770204418859383,-0.009743855091575104,324,0
normal,actual_station_count,10,201,285,3321,0.11679879441233092,0.11293029423606227,-0.0038685001762686494,0.17055709633714328,0.16492984542923864,-0.005627250907904641,285,0
normal,actual_station_count,11,203,311,3772,0.10683992001734682,0.1028161620674803,-0.004023757949866522,0.15931205192293862,0.15239040852366806,-0.006921643399270566,311,0
normal,actual_station_count,12,172,256,3327,0.11392171846141158,0.10973671414540324,-0.004185004316008337,0.18022892959646325,0.17245466988701735,-0.0077742597094458965,256,0
normal,actual_station_count,13,165,246,3347,0.10209207355999478,0.09862999715916045,-0.0034620764008343324,0.15874654397660456,0.15471485364284265,-0.0040316903337619114,246,0
normal,actual_station_count,14,142,212,3030,0.09099420094562898,0.08789316689136066,-0.0031010340542683146,0.14312440635613194,0.1367238968391664,-0.006400509516965552,212,0
normal,actual_station_count,15,129,181,2715,0.07945628410435074,0.07687555929683629,-0.0025807248075144507,0.12923991702056745,0.12517848613569443,-0.004061430884873013,181,0
normal,actual_station_count,16,101,159,2385,0.08231385325860677,0.08061614888144239,-0.0016977043771643774,0.1292570455028828,0.12622844577243983,-0.003028599730442977,159,0
normal,actual_station_count,17,107,164,2460,0.07935635735606396,0.07743074489091106,-0.0019256124651528955,0.132206015917069,0.12757583632656844,-0.004630179590500549,164,0
normal,actual_station_count,18,101,153,2295,0.08349520663817288,0.08165175796341616,-0.0018434486747567203,0.1323177573404976,0.12938701004279612,-0.002930747297701486,153,0
normal,actual_station_count,19,89,118,1770,0.09093129122787613,0.08777986754594887,-0.003151423681927265,0.14231285883040962,0.13711572592344276,-0.005197132906966856,118,0
normal,actual_station_count,20,87,137,2055,0.07467933968842537,0.07268593775611507,-0.001993401932310304,0.1252358029747205,0.12153209748611836,-0.0037037054886021464,137,0
normal,actual_station_count,21,67,103,1545,0.07894586118534931,0.07735867922504742,-0.0015871819603018866,0.12781637471719554,0.1251341594401301,-0.0026822152770654417,103,0
normal,actual_station_count,22,64,95,1425,0.07731418791178025,0.07488102743108022,-0.002433160480700039,0.12115215410698756,0.11586755069513588,-0.005284603411851677,95,0
normal,actual_station_count,23,55,82,1230,0.06759261871665352,0.0667834788068705,-0.0008091399097830271,0.11139538905787817,0.10963915680386213,-0.0017562322540160408,82,0
normal,actual_station_count,24,51,64,960,0.08593755313583339,0.08349889006543283,-0.002438663070400554,0.15020039890135845,0.1461201685360702,-0.004080230365288234,64,0
normal,actual_station_count,25,267,946,14190,0.11122616791599374,0.10828031561158727,-0.002945852304406471,0.1727582337145169,0.16655687459008434,-0.006201359124432565,946,0
normal,requested_elapsed_time_seconds,1,1383,1383,12875,0.23468970446695248,0.2200271905309236,-0.014662513936028881,0.29627675558501615,0.28024396908210186,-0.016032786502914287,994,222
normal,requested_elapsed_time_seconds,3,1383,1383,12781,0.19197892367185926,0.1824459848199522,-0.009532938851907063,0.2449080522725223,0.23281217512223334,-0.012095877150288953,1003,10
normal,requested_elapsed_time_seconds,5,1383,1383,12861,0.17183653799705068,0.16452432931938424,-0.0073122086776664375,0.22075690523323152,0.2110989268091562,-0.009657978424075314,1005,0
normal,requested_elapsed_time_seconds,10,1383,1383,12699,0.134633574997235,0.12876673827699625,-0.005866836720238744,0.1841663024026876,0.1758412407711522,-0.008325061631535402,1000,1
normal,requested_elapsed_time_seconds,20,1383,1383,12874,0.0730359355100688,0.07029610186331814,-0.002739833646750664,0.12690985303244798,0.12020260514633899,-0.006707247886108991,1002,0
normal,requested_elapsed_time_seconds,40,1383,1383,12831,0.0564137021749567,0.05540758482524973,-0.0010061173497069656,0.10520140044123275,0.10160796411095467,-0.003593436330278074,995,1
normal,requested_elapsed_time_seconds,90,1383,1383,12849,0.05464627586671955,0.05370421017076376,-0.0009420656959557919,0.1001832522311946,0.09631576253546806,-0.0038674896957265475,994,0
