scope,dimension,value,samples,targets,baseline_mae,candidate_mae,mae_delta,mae_ci95_low,mae_ci95_high,baseline_rmse,candidate_rmse,rmse_delta,rmse_ci95_low,rmse_ci95_high,target_improved_fraction,sample_improved_fraction
target_population,target_type,all,9681,75654,0.2831069269829196,0.2572286261726592,-0.025878300810260435,-0.028840914214147265,-0.022968719052464916,0.38204415320641577,0.33133677983315507,-0.0507073733732607,-0.05493770745162252,-0.04646077945834988,0.5315779734052396,0.572048342113418
target_population,target_type,non_input,9681,75654,0.2831069269829196,0.2572286261726592,-0.025878300810260435,-0.02877063623559799,-0.022859471077241313,0.38204415320641577,0.33133677983315507,-0.0507073733732607,-0.05484569166161638,-0.0464230152201195,0.5315779734052396,0.572048342113418
target_population,target_type,triggered_noninput,6256,33601,0.2589770889747615,0.24167121383142431,-0.0173058751433372,-0.02087497856546807,-0.013555594340675898,0.343213533261892,0.3055707355986502,-0.0376427976632418,-0.04174197330565256,-0.033396328473380116,0.5303413588881283,0.5554667519181585
target_population,target_type,untriggered,6289,42053,0.30238704224014545,0.2696592402091806,-0.03272780203096487,-0.036986326950370484,-0.02862697751529403,0.41043851496309086,0.350565793653213,-0.05987272130987786,-0.065599548440807,-0.05430698544501484,0.5325660476065917,0.5724280489743997
target_population,target_type,input,0,0,,,,,,,,,,,,
stratum_all_targets,requested_station_count,1,1540,15157,0.3233573417808165,0.3027494950162711,-0.020607846764545412,-0.02664802442638571,-0.01438126803559084,0.41864928448527455,0.375969143670857,-0.042680140814417566,-0.050261607950534685,-0.03565238901771866,0.5175826350860988,0.5337662337662338
stratum_all_targets,requested_station_count,3,1590,14427,0.28261844640383066,0.25976533711310146,-0.0228531092907292,-0.02891648352413593,-0.016890832708960173,0.3800338559394375,0.3330582397386419,-0.0469756162007956,-0.055050920196638375,-0.03817169043631191,0.5222152907742428,0.5849056603773585
stratum_all_targets,requested_station_count,5,1590,12694,0.278179685059422,0.24566287274567894,-0.03251681231374304,-0.037931808906093566,-0.0269578663237772,0.3801478264611521,0.31971571573839164,-0.060432110722760446,-0.06752308532042675,-0.05346856334035135,0.543485111076099,0.5962264150943396
stratum_all_targets,requested_station_count,8,1646,12072,0.26997757465125183,0.24051394754097633,-0.029463627110275503,-0.03475878044649285,-0.02405517957169731,0.37034338367401076,0.3128862398934105,-0.05745714378060024,-0.06537212573418891,-0.049412274035429526,0.538104705102717,0.5698663426488457
stratum_all_targets,requested_station_count,12,1668,10856,0.26755183766637713,0.24554642536806962,-0.02200541229830752,-0.028663697383154246,-0.01494462494999533,0.36624433124336936,0.3201198465774895,-0.04612448466587987,-0.05580809902215534,-0.035863746437259085,0.5304900515843773,0.5671462829736211
stratum_all_targets,requested_station_count,16,1647,10448,0.2627089342731138,0.23319151941327973,-0.029517414859834085,-0.03520332083006652,-0.023812376030463468,0.3602306949774621,0.30483867448413776,-0.05539202049332431,-0.0641912237904794,-0.04769012836638798,0.5439318529862175,0.5792349726775956
stratum_all_targets,selected_station_count,1,2690,19861,0.31943467727036773,0.3034725559939602,-0.015962121276407504,-0.021810158324566488,-0.009893020794136094,0.4142387351442797,0.37573713667205466,-0.03850159847222506,-0.04611289745594896,-0.031043999358702723,0.4989174764614068,0.5052044609665427
stratum_all_targets,selected_station_count,2,992,4835,0.2570603198791019,0.2506676528395049,-0.006392667039597011,-0.013059574455001943,0.00029371316206964457,0.33361246784822807,0.31559766470486145,-0.01801480314336662,-0.026850344885553646,-0.009336261440877531,0.4808686659772492,0.53125
stratum_all_targets,selected_station_count,3,1843,15897,0.2766313120711907,0.2529390620668829,-0.023692250004307802,-0.029161596021708824,-0.01873949353428049,0.37732998030713183,0.3297866162603679,-0.0475433640467639,-0.05637128876493054,-0.039067404892688576,0.5343146505629993,0.578404774823657
stratum_all_targets,selected_station_count,4,499,2585,0.24830842033493364,0.23360393378591773,-0.014704486549015905,-0.021885416948227022,-0.007527207903972174,0.34181225008418475,0.3081041469523847,-0.03370810313180006,-0.044740945072047594,-0.02283922313878971,0.525725338491296,0.5511022044088176
stratum_all_targets,selected_station_count,5,1181,10998,0.2792320326164649,0.2426989800212122,-0.03653305259525269,-0.042631771727416945,-0.030750958359420773,0.38161603617704376,0.31544451811508517,-0.06617151806195859,-0.07400251099518379,-0.058885138696429605,0.5557374068012366,0.6274343776460627
stratum_all_targets,selected_station_count,6,239,1422,0.23003532653530398,0.2247437073216471,-0.005291619213656867,-0.017828727612714795,0.0059758625138067135,0.31795023859564925,0.29666091438273856,-0.021289324212910687,-0.03898351324360569,-0.004506864680596799,0.49226441631504925,0.49372384937238495
stratum_all_targets,selected_station_count,7,178,1071,0.22189025579143862,0.20246698325073798,-0.019423272540700642,-0.030950673111800407,-0.009378556862335527,0.30049691558849184,0.2665481797992753,-0.03394873578921653,-0.04991995238174634,-0.019930694636637655,0.5378151260504201,0.6292134831460674
stratum_all_targets,selected_station_count,8,838,8338,0.2752405880752912,0.2360965047011759,-0.03914408337411532,-0.04541678714083277,-0.03272868511234304,0.38044196842585326,0.31029329189798965,-0.07014867652786361,-0.0786985944816199,-0.06189424534688549,0.5659630606860159,0.6515513126491647
stratum_all_targets,selected_station_count,9,87,567,0.2507243996824432,0.22908462685856448,-0.021639772823878717,-0.04195139024596742,-0.003677230689722437,0.33782837446710917,0.29160477141460567,-0.046223603052503504,-0.07539575321053162,-0.018327343999560753,0.5361552028218695,0.6091954022988506
stratum_all_targets,selected_station_count,10,101,487,0.2669333171948515,0.22864396507551538,-0.03828935211933615,-0.05748418027363198,-0.021943015320669734,0.3602668565813487,0.299247870558642,-0.06101898602270672,-0.08609417243096441,-0.04002883389679873,0.5770020533880903,0.594059405940594
stratum_all_targets,selected_station_count,11,101,537,0.29647668726825516,0.23882834507530518,-0.05764834219294998,-0.08774782790302688,-0.03017867260002372,0.4306817357859297,0.3349179912243167,-0.09576374456161302,-0.12955280049056173,-0.05807868600075336,0.5996275605214153,0.594059405940594
stratum_all_targets,selected_station_count,12,499,4861,0.26303476350089505,0.22878052046946584,-0.03425424303142921,-0.04307663630652067,-0.02572523455949872,0.36554511109983917,0.2975440297342292,-0.06800108136560995,-0.07992199014228223,-0.056655372243525605,0.5476239456901872,0.6372745490981964
stratum_all_targets,selected_station_count,13,34,129,0.24763123702633288,0.20663794389990872,-0.04099329312642416,-0.07746081143453151,-0.009264440068664496,0.32128009702582294,0.257329325328075,-0.06395077169774793,-0.10666058169604174,-0.026502913050431537,0.6434108527131783,0.5588235294117647
stratum_all_targets,selected_station_count,14,24,141,0.2610162643861052,0.22822913668838377,-0.032787127697721435,-0.06542435645481998,-0.003971771534148434,0.3370924654230218,0.2895781920157117,-0.04751427340731007,-0.07172208557750762,-0.02330039320152478,0.5957446808510638,0.6666666666666666
stratum_all_targets,selected_station_count,15,40,257,0.29706126790682164,0.22078170818693443,-0.0762795597198872,-0.12495946634431984,-0.03653343866510678,0.39400973521037086,0.28647780556773816,-0.1075319296426327,-0.1552145305199821,-0.06214168090947107,0.6186770428015564,0.775
stratum_all_targets,selected_station_count,16,335,3668,0.27419114937484224,0.22489497076460446,-0.04929617861023777,-0.059528792533846485,-0.039232624085758366,0.38209515371628294,0.29696729332040306,-0.08512786039587988,-0.09862084477149456,-0.07036739286364689,0.5798800436205016,0.7074626865671642
stratum_all_targets,requested_elapsed_time_seconds,1.0,1821,16348,0.25564041197175225,0.26387932131079367,0.008238909339041423,0.004046827107212124,0.012482828378905011,0.3324620013647157,0.33522557799920055,0.0027635766344848434,-0.0030910997478589956,0.009230288390516695,0.4558967457793002,0.4211971444261395
stratum_all_targets,requested_elapsed_time_seconds,3.0,1310,11052,0.2446460017640749,0.24114300392501667,-0.0035029978390582195,-0.007224511777229122,-0.00013689621860631015,0.32826202889813355,0.3111413910280643,-0.017120637870069233,-0.022917914499687025,-0.011576888412371034,0.49466159971045964,0.4870229007633588
stratum_all_targets,requested_elapsed_time_seconds,5.0,1310,10071,0.25414838093143105,0.24116124107183465,-0.012987139859596403,-0.017677293134417203,-0.008516997262592172,0.3460567687409662,0.3154088343276661,-0.030647934413300104,-0.037610279244203335,-0.024491612758701133,0.5285473140701022,0.567175572519084
stratum_all_targets,requested_elapsed_time_seconds,10.0,1310,9491,0.29601966805505303,0.25788396008554904,-0.038135707969503996,-0.0448034623936941,-0.031598259037948544,0.4018072795622012,0.33595357241949114,-0.06585370714271005,-0.07338469705797498,-0.058042199330912876,0.5691707933832051,0.6183206106870229
stratum_all_targets,requested_elapsed_time_seconds,20.0,1310,9603,0.3215572654051722,0.26864539356947886,-0.05291187183569335,-0.060404394409681914,-0.045443414069589745,0.4293697199723497,0.3423490974450584,-0.08702062252729126,-0.09510489895370268,-0.07858977305508813,0.5719046131417266,0.6396946564885496
stratum_all_targets,requested_elapsed_time_seconds,40.0,1310,9647,0.3186724395089033,0.26411126138821583,-0.05456117812068745,-0.061985833808893116,-0.04736763562078937,0.4299034715434914,0.34031451093807435,-0.08958896060541705,-0.09865007848993987,-0.08104639080277938,0.5804913444594174,0.665648854961832
stratum_all_targets,requested_elapsed_time_seconds,90.0,1310,9442,0.31814614806776403,0.2623774923990685,-0.055768655668695544,-0.06364043336491117,-0.048745183406517255,0.4308476326553637,0.3386269926368912,-0.09222064001847247,-0.10158640299520513,-0.08260321722776863,0.5802796017792841,0.6641221374045801
