case,elapsed_time,cutout_exclusive,mutation,status,selected_ids_equal,received_mask,station_mask,mean,variance,normalized_peak,normalized,raw_amplitude,duration,delivered_amplitude,encoder_adapter,mdn,probabilities,mode,evidence
trigger_boundary,0.4,541,pulse,PASS,True,0.0,0.0,0.0,0.0,0.0,0.0,0.0,0.0,0.0,0.0,0.0,0.0,physical_scale_keep_duration,SYNTHETIC_UNTRAINED_DOWNSTREAM
trigger_boundary,0.4,541,NaN,PASS,True,0.0,0.0,0.0,0.0,0.0,0.0,0.0,0.0,0.0,0.0,0.0,0.0,physical_scale_keep_duration,SYNTHETIC_UNTRAINED_DOWNSTREAM
trigger_boundary,0.4,541,Inf,PASS,True,0.0,0.0,0.0,0.0,0.0,0.0,0.0,0.0,0.0,0.0,0.0,0.0,physical_scale_keep_duration,SYNTHETIC_UNTRAINED_DOWNSTREAM
trigger_boundary,0.4,541,last_legal_positive_control,PASS,True,0.0,0.0,0.18484290763444733,18.456549877846555,0.0,1.502259373664856,3.549139618873596,0.0,3.549139618873596,0.5487641990184784,0.00023486698046326637,6.338953971862793e-05,physical_scale_keep_duration,SYNTHETIC_UNTRAINED_DOWNSTREAM
trigger_boundary,0.4,541,label_value_only,PASS,,0.0,0.0,0.0,0.0,0.0,0.0,0.0,0.0,0.0,0.0,0.0,0.0,physical_scale_keep_duration,SYNTHETIC_UNTRAINED_DOWNSTREAM
native_capacity,54.99,6000,pulse,PASS,True,0.0,0.0,0.0,0.0,0.0,0.0,0.0,0.0,0.0,0.0,0.0,0.0,physical_scale_keep_duration,SYNTHETIC_UNTRAINED_DOWNSTREAM
native_capacity,54.99,6000,NaN,PASS,True,0.0,0.0,0.0,0.0,0.0,0.0,0.0,0.0,0.0,0.0,0.0,0.0,physical_scale_keep_duration,SYNTHETIC_UNTRAINED_DOWNSTREAM
native_capacity,54.99,6000,Inf,PASS,True,0.0,0.0,0.0,0.0,0.0,0.0,0.0,0.0,0.0,0.0,0.0,0.0,physical_scale_keep_duration,SYNTHETIC_UNTRAINED_DOWNSTREAM
native_capacity,54.99,6000,last_legal_positive_control,PASS,True,0.0,0.0,0.0166666684235679,1.6668092685358715,0.0,1.6496678590774536,3.462424635887146,0.0,3.462424635887146,0.7003427594900131,0.0007960679940879345,6.884336471557617e-05,physical_scale_keep_duration,SYNTHETIC_UNTRAINED_DOWNSTREAM
native_capacity,54.99,6000,label_value_only,PASS,,0.0,0.0,0.0,0.0,0.0,0.0,0.0,0.0,0.0,0.0,0.0,0.0,physical_scale_keep_duration,SYNTHETIC_UNTRAINED_DOWNSTREAM
tail_missing,3.0,801,pulse,PASS,True,0.0,0.0,0.0,0.0,0.0,0.0,0.0,0.0,0.0,0.0,0.0,0.0,physical_scale_keep_duration,SYNTHETIC_UNTRAINED_DOWNSTREAM
tail_missing,3.0,801,NaN,PASS,True,0.0,0.0,0.0,0.0,0.0,0.0,0.0,0.0,0.0,0.0,0.0,0.0,physical_scale_keep_duration,SYNTHETIC_UNTRAINED_DOWNSTREAM
tail_missing,3.0,801,Inf,PASS,True,0.0,0.0,0.0,0.0,0.0,0.0,0.0,0.0,0.0,0.0,0.0,0.0,physical_scale_keep_duration,SYNTHETIC_UNTRAINED_DOWNSTREAM
tail_missing,3.0,801,last_legal_positive_control,PASS,True,0.0,0.0,0.124843962083105,12.470761600561673,0.0,1.817018210887909,3.536177635192871,0.0,3.536177635192871,0.5548461675643921,0.00031557027250528336,4.678964614868164e-05,physical_scale_keep_duration,SYNTHETIC_UNTRAINED_DOWNSTREAM
tail_missing,3.0,801,label_value_only,PASS,,0.0,0.0,0.0,0.0,0.0,0.0,0.0,0.0,0.0,0.0,0.0,0.0,physical_scale_keep_duration,SYNTHETIC_UNTRAINED_DOWNSTREAM
internal_legal_zero,3.0,801,pulse,PASS,True,0.0,0.0,0.0,0.0,0.0,0.0,0.0,0.0,0.0,0.0,0.0,0.0,physical_scale_keep_duration,SYNTHETIC_UNTRAINED_DOWNSTREAM
internal_legal_zero,3.0,801,NaN,PASS,True,0.0,0.0,0.0,0.0,0.0,0.0,0.0,0.0,0.0,0.0,0.0,0.0,physical_scale_keep_duration,SYNTHETIC_UNTRAINED_DOWNSTREAM
internal_legal_zero,3.0,801,Inf,PASS,True,0.0,0.0,0.0,0.0,0.0,0.0,0.0,0.0,0.0,0.0,0.0,0.0,physical_scale_keep_duration,SYNTHETIC_UNTRAINED_DOWNSTREAM
internal_legal_zero,3.0,801,last_legal_positive_control,PASS,True,0.0,0.0,0.124843962083105,12.473904388825758,0.0,1.817018210887909,3.536177635192871,0.0,3.536177635192871,0.5548461675643921,0.0003563526552170515,5.8263540267944336e-05,physical_scale_keep_duration,SYNTHETIC_UNTRAINED_DOWNSTREAM
internal_legal_zero,3.0,801,label_value_only,PASS,,0.0,0.0,0.0,0.0,0.0,0.0,0.0,0.0,0.0,0.0,0.0,0.0,physical_scale_keep_duration,SYNTHETIC_UNTRAINED_DOWNSTREAM
invalid_station,3.0,801,pulse,PASS,True,0.0,0.0,0.0,0.0,0.0,0.0,0.0,0.0,0.0,0.0,0.0,0.0,physical_scale_keep_duration,SYNTHETIC_UNTRAINED_DOWNSTREAM
invalid_station,3.0,801,NaN,PASS,True,0.0,0.0,0.0,0.0,0.0,0.0,0.0,0.0,0.0,0.0,0.0,0.0,physical_scale_keep_duration,SYNTHETIC_UNTRAINED_DOWNSTREAM
invalid_station,3.0,801,Inf,PASS,True,0.0,0.0,0.0,0.0,0.0,0.0,0.0,0.0,0.0,0.0,0.0,0.0,physical_scale_keep_duration,SYNTHETIC_UNTRAINED_DOWNSTREAM
invalid_station,3.0,801,last_legal_positive_control,PASS,True,0.0,0.0,0.124843962083105,12.473904388825758,0.0,1.817018210887909,3.536177635192871,0.0,3.536177635192871,0.5548461675643921,0.0003563526552170515,5.8263540267944336e-05,physical_scale_keep_duration,SYNTHETIC_UNTRAINED_DOWNSTREAM
invalid_station,3.0,801,label_value_only,PASS,,0.0,0.0,0.0,0.0,0.0,0.0,0.0,0.0,0.0,0.0,0.0,0.0,physical_scale_keep_duration,SYNTHETIC_UNTRAINED_DOWNSTREAM
trigger_boundary,0.4,541,pulse,PASS,True,0.0,0.0,0.0,0.0,0.0,0.0,0.0,0.0,0.0,0.0,0.0,0.0,no_absolute_scale_keep_duration,SYNTHETIC_UNTRAINED_DOWNSTREAM
trigger_boundary,0.4,541,NaN,PASS,True,0.0,0.0,0.0,0.0,0.0,0.0,0.0,0.0,0.0,0.0,0.0,0.0,no_absolute_scale_keep_duration,SYNTHETIC_UNTRAINED_DOWNSTREAM
trigger_boundary,0.4,541,Inf,PASS,True,0.0,0.0,0.0,0.0,0.0,0.0,0.0,0.0,0.0,0.0,0.0,0.0,no_absolute_scale_keep_duration,SYNTHETIC_UNTRAINED_DOWNSTREAM
trigger_boundary,0.4,541,last_legal_positive_control,PASS,True,0.0,0.0,0.18484290763444733,18.456549877846555,0.0,1.502259373664856,3.549139618873596,0.0,0.0,0.5487641990184784,0.0002347880508750677,6.341934204101562e-05,no_absolute_scale_keep_duration,SYNTHETIC_UNTRAINED_DOWNSTREAM
trigger_boundary,0.4,541,label_value_only,PASS,,0.0,0.0,0.0,0.0,0.0,0.0,0.0,0.0,0.0,0.0,0.0,0.0,no_absolute_scale_keep_duration,SYNTHETIC_UNTRAINED_DOWNSTREAM
native_capacity,54.99,6000,pulse,PASS,True,0.0,0.0,0.0,0.0,0.0,0.0,0.0,0.0,0.0,0.0,0.0,0.0,no_absolute_scale_keep_duration,SYNTHETIC_UNTRAINED_DOWNSTREAM
native_capacity,54.99,6000,NaN,PASS,True,0.0,0.0,0.0,0.0,0.0,0.0,0.0,0.0,0.0,0.0,0.0,0.0,no_absolute_scale_keep_duration,SYNTHETIC_UNTRAINED_DOWNSTREAM
native_capacity,54.99,6000,Inf,PASS,True,0.0,0.0,0.0,0.0,0.0,0.0,0.0,0.0,0.0,0.0,0.0,0.0,no_absolute_scale_keep_duration,SYNTHETIC_UNTRAINED_DOWNSTREAM
native_capacity,54.99,6000,last_legal_positive_control,PASS,True,0.0,0.0,0.0166666684235679,1.6668092685358715,0.0,1.6496678590774536,3.462424635887146,0.0,0.0,0.7003427594900131,0.0007959278300404549,6.884336471557617e-05,no_absolute_scale_keep_duration,SYNTHETIC_UNTRAINED_DOWNSTREAM
native_capacity,54.99,6000,label_value_only,PASS,,0.0,0.0,0.0,0.0,0.0,0.0,0.0,0.0,0.0,0.0,0.0,0.0,no_absolute_scale_keep_duration,SYNTHETIC_UNTRAINED_DOWNSTREAM
tail_missing,3.0,801,pulse,PASS,True,0.0,0.0,0.0,0.0,0.0,0.0,0.0,0.0,0.0,0.0,0.0,0.0,no_absolute_scale_keep_duration,SYNTHETIC_UNTRAINED_DOWNSTREAM
tail_missing,3.0,801,NaN,PASS,True,0.0,0.0,0.0,0.0,0.0,0.0,0.0,0.0,0.0,0.0,0.0,0.0,no_absolute_scale_keep_duration,SYNTHETIC_UNTRAINED_DOWNSTREAM
tail_missing,3.0,801,Inf,PASS,True,0.0,0.0,0.0,0.0,0.0,0.0,0.0,0.0,0.0,0.0,0.0,0.0,no_absolute_scale_keep_duration,SYNTHETIC_UNTRAINED_DOWNSTREAM
tail_missing,3.0,801,last_legal_positive_control,PASS,True,0.0,0.0,0.124843962083105,12.470761600561673,0.0,1.817018210887909,3.536177635192871,0.0,0.0,0.5548461675643921,0.0003155055455863476,4.6819448471069336e-05,no_absolute_scale_keep_duration,SYNTHETIC_UNTRAINED_DOWNSTREAM
tail_missing,3.0,801,label_value_only,PASS,,0.0,0.0,0.0,0.0,0.0,0.0,0.0,0.0,0.0,0.0,0.0,0.0,no_absolute_scale_keep_duration,SYNTHETIC_UNTRAINED_DOWNSTREAM
internal_legal_zero,3.0,801,pulse,PASS,True,0.0,0.0,0.0,0.0,0.0,0.0,0.0,0.0,0.0,0.0,0.0,0.0,no_absolute_scale_keep_duration,SYNTHETIC_UNTRAINED_DOWNSTREAM
internal_legal_zero,3.0,801,NaN,PASS,True,0.0,0.0,0.0,0.0,0.0,0.0,0.0,0.0,0.0,0.0,0.0,0.0,no_absolute_scale_keep_duration,SYNTHETIC_UNTRAINED_DOWNSTREAM
internal_legal_zero,3.0,801,Inf,PASS,True,0.0,0.0,0.0,0.0,0.0,0.0,0.0,0.0,0.0,0.0,0.0,0.0,no_absolute_scale_keep_duration,SYNTHETIC_UNTRAINED_DOWNSTREAM
internal_legal_zero,3.0,801,last_legal_positive_control,PASS,True,0.0,0.0,0.124843962083105,12.473904388825758,0.0,1.817018210887909,3.536177635192871,0.0,0.0,0.5548461675643921,0.00035628676414489746,5.8263540267944336e-05,no_absolute_scale_keep_duration,SYNTHETIC_UNTRAINED_DOWNSTREAM
internal_legal_zero,3.0,801,label_value_only,PASS,,0.0,0.0,0.0,0.0,0.0,0.0,0.0,0.0,0.0,0.0,0.0,0.0,no_absolute_scale_keep_duration,SYNTHETIC_UNTRAINED_DOWNSTREAM
invalid_station,3.0,801,pulse,PASS,True,0.0,0.0,0.0,0.0,0.0,0.0,0.0,0.0,0.0,0.0,0.0,0.0,no_absolute_scale_keep_duration,SYNTHETIC_UNTRAINED_DOWNSTREAM
invalid_station,3.0,801,NaN,PASS,True,0.0,0.0,0.0,0.0,0.0,0.0,0.0,0.0,0.0,0.0,0.0,0.0,no_absolute_scale_keep_duration,SYNTHETIC_UNTRAINED_DOWNSTREAM
invalid_station,3.0,801,Inf,PASS,True,0.0,0.0,0.0,0.0,0.0,0.0,0.0,0.0,0.0,0.0,0.0,0.0,no_absolute_scale_keep_duration,SYNTHETIC_UNTRAINED_DOWNSTREAM
invalid_station,3.0,801,last_legal_positive_control,PASS,True,0.0,0.0,0.124843962083105,12.473904388825758,0.0,1.817018210887909,3.536177635192871,0.0,0.0,0.5548461675643921,0.00035628676414489746,5.8263540267944336e-05,no_absolute_scale_keep_duration,SYNTHETIC_UNTRAINED_DOWNSTREAM
invalid_station,3.0,801,label_value_only,PASS,,0.0,0.0,0.0,0.0,0.0,0.0,0.0,0.0,0.0,0.0,0.0,0.0,no_absolute_scale_keep_duration,SYNTHETIC_UNTRAINED_DOWNSTREAM
