stage,query_rms,cross_query_max_abs,token_norm_mean,effective_queries,effective_keys,evidence,mode,input_count
query_coordinates,0.06455060839653015,0.2400054931640625,1.4520583152770996,4,1,SYNTHETIC_UNTRAINED_DOWNSTREAM,physical_scale_keep_duration,1
query_position_encoding,0.3763701915740967,1.9503862857818604,3.1622776985168457,4,1,SYNTHETIC_UNTRAINED_DOWNSTREAM,physical_scale_keep_duration,1
query_before_attention,0.3763701915740967,1.9503862857818604,3.1585662364959717,4,1,SYNTHETIC_UNTRAINED_DOWNSTREAM,physical_scale_keep_duration,1
pure_attention,0.0,0.0,2.166604518890381,4,1,SYNTHETIC_UNTRAINED_DOWNSTREAM,physical_scale_keep_duration,1
attention_weights,0.0,0.0,1.0,4,1,SYNTHETIC_UNTRAINED_DOWNSTREAM,physical_scale_keep_duration,1
residual_sum,0.3763701915740967,1.9503862857818604,4.397099018096924,4,1,SYNTHETIC_UNTRAINED_DOWNSTREAM,physical_scale_keep_duration,1
residual_normalized,0.37271252274513245,2.017103672027588,4.47211217880249,4,1,SYNTHETIC_UNTRAINED_DOWNSTREAM,physical_scale_keep_duration,1
layer1_pure_attention,0.0,0.0,1.433696985244751,4,1,SYNTHETIC_UNTRAINED_DOWNSTREAM,physical_scale_keep_duration,1
layer1_weights,0.0,0.0,1.0,4,1,SYNTHETIC_UNTRAINED_DOWNSTREAM,physical_scale_keep_duration,1
layer1_readout,0.37271252274513245,2.017103672027588,4.47211217880249,4,1,SYNTHETIC_UNTRAINED_DOWNSTREAM,physical_scale_keep_duration,1
layer2_pure_attention,0.0,0.0,1.7972372770309448,4,1,SYNTHETIC_UNTRAINED_DOWNSTREAM,physical_scale_keep_duration,1
layer2_weights,0.0,0.0,1.0,4,1,SYNTHETIC_UNTRAINED_DOWNSTREAM,physical_scale_keep_duration,1
layer2_readout,0.37271252274513245,2.017103672027588,4.47211217880249,4,1,SYNTHETIC_UNTRAINED_DOWNSTREAM,physical_scale_keep_duration,1
layer3_pure_attention,0.0,0.0,1.8643569946289062,4,1,SYNTHETIC_UNTRAINED_DOWNSTREAM,physical_scale_keep_duration,1
layer3_weights,0.0,0.0,1.0,4,1,SYNTHETIC_UNTRAINED_DOWNSTREAM,physical_scale_keep_duration,1
layer3_readout,0.37271252274513245,2.017103672027588,4.47211217880249,4,1,SYNTHETIC_UNTRAINED_DOWNSTREAM,physical_scale_keep_duration,1
pga_head_hidden,0.20274749398231506,0.8287100791931152,1.5928864479064941,4,1,SYNTHETIC_UNTRAINED_DOWNSTREAM,physical_scale_keep_duration,1
mdn_weights,0.00019536689796950668,0.0006620585918426514,0.5773504972457886,4,1,SYNTHETIC_UNTRAINED_DOWNSTREAM,physical_scale_keep_duration,1
mdn_mu,0.0001934728934429586,0.0005446672439575195,1.9452509880065918,4,1,SYNTHETIC_UNTRAINED_DOWNSTREAM,physical_scale_keep_duration,1
mdn_sigma,0.00017862851382233202,0.0006165504455566406,0.7472707033157349,4,1,SYNTHETIC_UNTRAINED_DOWNSTREAM,physical_scale_keep_duration,1
prediction,0.00015448119665961713,0.00043141841888427734,1.1230911016464233,4,1,SYNTHETIC_UNTRAINED_DOWNSTREAM,physical_scale_keep_duration,1
query_coordinates,0.06455060839653015,0.2400054931640625,1.4520583152770996,4,3,SYNTHETIC_UNTRAINED_DOWNSTREAM,physical_scale_keep_duration,3
query_position_encoding,0.3763701915740967,1.9503862857818604,3.1622776985168457,4,3,SYNTHETIC_UNTRAINED_DOWNSTREAM,physical_scale_keep_duration,3
query_before_attention,0.3763701915740967,1.9503862857818604,3.1585662364959717,4,3,SYNTHETIC_UNTRAINED_DOWNSTREAM,physical_scale_keep_duration,3
pure_attention,0.012765060178935528,0.062367767095565796,1.604299783706665,4,3,SYNTHETIC_UNTRAINED_DOWNSTREAM,physical_scale_keep_duration,3
attention_weights,0.012843934819102287,0.07108178734779358,0.5786412358283997,4,3,SYNTHETIC_UNTRAINED_DOWNSTREAM,physical_scale_keep_duration,3
residual_sum,0.37559774518013,1.9522464275360107,3.8984193801879883,4,3,SYNTHETIC_UNTRAINED_DOWNSTREAM,physical_scale_keep_duration,3
residual_normalized,0.41965681314468384,2.2867188453674316,4.472105503082275,4,3,SYNTHETIC_UNTRAINED_DOWNSTREAM,physical_scale_keep_duration,3
layer1_pure_attention,0.0072227967903018,0.037348270416259766,1.4057260751724243,4,3,SYNTHETIC_UNTRAINED_DOWNSTREAM,physical_scale_keep_duration,3
layer1_weights,0.010458343662321568,0.05392220616340637,0.5812118053436279,4,3,SYNTHETIC_UNTRAINED_DOWNSTREAM,physical_scale_keep_duration,3
layer1_readout,0.41965681314468384,2.2867188453674316,4.472105503082275,4,3,SYNTHETIC_UNTRAINED_DOWNSTREAM,physical_scale_keep_duration,3
layer2_pure_attention,0.005373275373131037,0.0292205773293972,1.6630632877349854,4,3,SYNTHETIC_UNTRAINED_DOWNSTREAM,physical_scale_keep_duration,3
layer2_weights,0.004557998385280371,0.019741952419281006,0.5791286826133728,4,3,SYNTHETIC_UNTRAINED_DOWNSTREAM,physical_scale_keep_duration,3
layer2_readout,0.41965681314468384,2.2867188453674316,4.472105503082275,4,3,SYNTHETIC_UNTRAINED_DOWNSTREAM,physical_scale_keep_duration,3
layer3_pure_attention,0.007238832302391529,0.02683877944946289,2.1106479167938232,4,3,SYNTHETIC_UNTRAINED_DOWNSTREAM,physical_scale_keep_duration,3
layer3_weights,0.003272460075095296,0.018601447343826294,0.5788716077804565,4,3,SYNTHETIC_UNTRAINED_DOWNSTREAM,physical_scale_keep_duration,3
layer3_readout,0.41965681314468384,2.2867188453674316,4.472105503082275,4,3,SYNTHETIC_UNTRAINED_DOWNSTREAM,physical_scale_keep_duration,3
pga_head_hidden,0.23347590863704681,0.9529574513435364,1.6096144914627075,4,3,SYNTHETIC_UNTRAINED_DOWNSTREAM,physical_scale_keep_duration,3
mdn_weights,0.0002255629951832816,0.0007593929767608643,0.5773506164550781,4,3,SYNTHETIC_UNTRAINED_DOWNSTREAM,physical_scale_keep_duration,3
mdn_mu,0.00022412992257159203,0.0006251335144042969,1.945310354232788,4,3,SYNTHETIC_UNTRAINED_DOWNSTREAM,physical_scale_keep_duration,3
mdn_sigma,0.00020092964405193925,0.0006892681121826172,0.747238039970398,4,3,SYNTHETIC_UNTRAINED_DOWNSTREAM,physical_scale_keep_duration,3
prediction,0.00018099609587807208,0.0005068778991699219,1.1231255531311035,4,3,SYNTHETIC_UNTRAINED_DOWNSTREAM,physical_scale_keep_duration,3
query_coordinates,0.06455060839653015,0.2400054931640625,1.4520583152770996,4,5,SYNTHETIC_UNTRAINED_DOWNSTREAM,physical_scale_keep_duration,5
query_position_encoding,0.3763701915740967,1.9503862857818604,3.1622776985168457,4,5,SYNTHETIC_UNTRAINED_DOWNSTREAM,physical_scale_keep_duration,5
query_before_attention,0.3763701915740967,1.9503862857818604,3.1585662364959717,4,5,SYNTHETIC_UNTRAINED_DOWNSTREAM,physical_scale_keep_duration,5
pure_attention,0.009449874982237816,0.041845425963401794,1.5589193105697632,4,5,SYNTHETIC_UNTRAINED_DOWNSTREAM,physical_scale_keep_duration,5
attention_weights,0.010423915460705757,0.05854432284832001,0.4482843279838562,4,5,SYNTHETIC_UNTRAINED_DOWNSTREAM,physical_scale_keep_duration,5
residual_sum,0.3744761347770691,1.9598240852355957,3.8569226264953613,4,5,SYNTHETIC_UNTRAINED_DOWNSTREAM,physical_scale_keep_duration,5
residual_normalized,0.4255198538303375,2.305739641189575,4.472104549407959,4,5,SYNTHETIC_UNTRAINED_DOWNSTREAM,physical_scale_keep_duration,5
layer1_pure_attention,0.00752662867307663,0.03796577453613281,1.347715973854065,4,5,SYNTHETIC_UNTRAINED_DOWNSTREAM,physical_scale_keep_duration,5
layer1_weights,0.008314056321978569,0.03689759969711304,0.45181912183761597,4,5,SYNTHETIC_UNTRAINED_DOWNSTREAM,physical_scale_keep_duration,5
layer1_readout,0.4255198538303375,2.305739641189575,4.472104549407959,4,5,SYNTHETIC_UNTRAINED_DOWNSTREAM,physical_scale_keep_duration,5
layer2_pure_attention,0.005274017341434956,0.030804622918367386,1.6410090923309326,4,5,SYNTHETIC_UNTRAINED_DOWNSTREAM,physical_scale_keep_duration,5
layer2_weights,0.003774336539208889,0.01861494779586792,0.4491739571094513,4,5,SYNTHETIC_UNTRAINED_DOWNSTREAM,physical_scale_keep_duration,5
layer2_readout,0.4255198538303375,2.305739641189575,4.472104549407959,4,5,SYNTHETIC_UNTRAINED_DOWNSTREAM,physical_scale_keep_duration,5
layer3_pure_attention,0.006200549192726612,0.03287342190742493,2.0536999702453613,4,5,SYNTHETIC_UNTRAINED_DOWNSTREAM,physical_scale_keep_duration,5
layer3_weights,0.007182758767157793,0.039897382259368896,0.45025068521499634,4,5,SYNTHETIC_UNTRAINED_DOWNSTREAM,physical_scale_keep_duration,5
layer3_readout,0.4255198538303375,2.305739641189575,4.472104549407959,4,5,SYNTHETIC_UNTRAINED_DOWNSTREAM,physical_scale_keep_duration,5
pga_head_hidden,0.23445309698581696,0.9507315158843994,1.6170750856399536,4,5,SYNTHETIC_UNTRAINED_DOWNSTREAM,physical_scale_keep_duration,5
mdn_weights,0.00022657468798570335,0.0007663965225219727,0.5773505568504333,4,5,SYNTHETIC_UNTRAINED_DOWNSTREAM,physical_scale_keep_duration,5
mdn_mu,0.00022486790840048343,0.0006238222122192383,1.945383906364441,4,5,SYNTHETIC_UNTRAINED_DOWNSTREAM,physical_scale_keep_duration,5
mdn_sigma,0.00020277702424209565,0.0006965994834899902,0.7472239136695862,4,5,SYNTHETIC_UNTRAINED_DOWNSTREAM,physical_scale_keep_duration,5
prediction,0.0001806807704269886,0.000506281852722168,1.123167872428894,4,5,SYNTHETIC_UNTRAINED_DOWNSTREAM,physical_scale_keep_duration,5
query_coordinates,0.06455060839653015,0.2400054931640625,1.4520583152770996,4,8,SYNTHETIC_UNTRAINED_DOWNSTREAM,physical_scale_keep_duration,8
query_position_encoding,0.3763701915740967,1.9503862857818604,3.1622776985168457,4,8,SYNTHETIC_UNTRAINED_DOWNSTREAM,physical_scale_keep_duration,8
query_before_attention,0.3763701915740967,1.9503862857818604,3.1585662364959717,4,8,SYNTHETIC_UNTRAINED_DOWNSTREAM,physical_scale_keep_duration,8
pure_attention,0.005749868229031563,0.029967166483402252,1.5988487005233765,4,8,SYNTHETIC_UNTRAINED_DOWNSTREAM,physical_scale_keep_duration,8
attention_weights,0.007703782059252262,0.03418812155723572,0.3543797731399536,4,8,SYNTHETIC_UNTRAINED_DOWNSTREAM,physical_scale_keep_duration,8
residual_sum,0.3757322132587433,1.9622286558151245,3.9158668518066406,4,8,SYNTHETIC_UNTRAINED_DOWNSTREAM,physical_scale_keep_duration,8
residual_normalized,0.42061322927474976,2.2857468128204346,4.472105979919434,4,8,SYNTHETIC_UNTRAINED_DOWNSTREAM,physical_scale_keep_duration,8
layer1_pure_attention,0.006907901261001825,0.03108799457550049,1.299220323562622,4,8,SYNTHETIC_UNTRAINED_DOWNSTREAM,physical_scale_keep_duration,8
layer1_weights,0.007323648780584335,0.03141750395298004,0.3569431006908417,4,8,SYNTHETIC_UNTRAINED_DOWNSTREAM,physical_scale_keep_duration,8
layer1_readout,0.42061322927474976,2.2857468128204346,4.472105979919434,4,8,SYNTHETIC_UNTRAINED_DOWNSTREAM,physical_scale_keep_duration,8
layer2_pure_attention,0.0034324736334383488,0.020476387813687325,1.6100727319717407,4,8,SYNTHETIC_UNTRAINED_DOWNSTREAM,physical_scale_keep_duration,8
layer2_weights,0.005271926987916231,0.02365262806415558,0.35557764768600464,4,8,SYNTHETIC_UNTRAINED_DOWNSTREAM,physical_scale_keep_duration,8
layer2_readout,0.42061322927474976,2.2857468128204346,4.472105979919434,4,8,SYNTHETIC_UNTRAINED_DOWNSTREAM,physical_scale_keep_duration,8
layer3_pure_attention,0.004629878327250481,0.021892189979553223,1.957935094833374,4,8,SYNTHETIC_UNTRAINED_DOWNSTREAM,physical_scale_keep_duration,8
layer3_weights,0.005476540420204401,0.022736087441444397,0.3555293679237366,4,8,SYNTHETIC_UNTRAINED_DOWNSTREAM,physical_scale_keep_duration,8
layer3_readout,0.42061322927474976,2.2857468128204346,4.472105979919434,4,8,SYNTHETIC_UNTRAINED_DOWNSTREAM,physical_scale_keep_duration,8
pga_head_hidden,0.23022286593914032,0.9253649711608887,1.63298761844635,4,8,SYNTHETIC_UNTRAINED_DOWNSTREAM,physical_scale_keep_duration,8
mdn_weights,0.00022218024241738021,0.0007539093494415283,0.5773505568504333,4,8,SYNTHETIC_UNTRAINED_DOWNSTREAM,physical_scale_keep_duration,8
mdn_mu,0.0002180419978685677,0.0006017684936523438,1.9453736543655396,4,8,SYNTHETIC_UNTRAINED_DOWNSTREAM,physical_scale_keep_duration,8
mdn_sigma,0.00019957702897954732,0.0006811320781707764,0.7472390532493591,4,8,SYNTHETIC_UNTRAINED_DOWNSTREAM,physical_scale_keep_duration,8
prediction,0.0001739574654493481,0.0004876852035522461,1.123162031173706,4,8,SYNTHETIC_UNTRAINED_DOWNSTREAM,physical_scale_keep_duration,8
query_coordinates,0.06455060839653015,0.2400054931640625,1.4520583152770996,4,1,SYNTHETIC_UNTRAINED_DOWNSTREAM,no_absolute_scale_keep_duration,1
query_position_encoding,0.3763701915740967,1.9503862857818604,3.1622776985168457,4,1,SYNTHETIC_UNTRAINED_DOWNSTREAM,no_absolute_scale_keep_duration,1
query_before_attention,0.3763701915740967,1.9503862857818604,3.1585662364959717,4,1,SYNTHETIC_UNTRAINED_DOWNSTREAM,no_absolute_scale_keep_duration,1
pure_attention,0.0,0.0,2.1666014194488525,4,1,SYNTHETIC_UNTRAINED_DOWNSTREAM,no_absolute_scale_keep_duration,1
attention_weights,0.0,0.0,1.0,4,1,SYNTHETIC_UNTRAINED_DOWNSTREAM,no_absolute_scale_keep_duration,1
residual_sum,0.3763701915740967,1.9503862857818604,4.397124767303467,4,1,SYNTHETIC_UNTRAINED_DOWNSTREAM,no_absolute_scale_keep_duration,1
residual_normalized,0.37271201610565186,2.017116069793701,4.47211217880249,4,1,SYNTHETIC_UNTRAINED_DOWNSTREAM,no_absolute_scale_keep_duration,1
layer1_pure_attention,0.0,0.0,1.4337563514709473,4,1,SYNTHETIC_UNTRAINED_DOWNSTREAM,no_absolute_scale_keep_duration,1
layer1_weights,0.0,0.0,1.0,4,1,SYNTHETIC_UNTRAINED_DOWNSTREAM,no_absolute_scale_keep_duration,1
layer1_readout,0.37271201610565186,2.017116069793701,4.47211217880249,4,1,SYNTHETIC_UNTRAINED_DOWNSTREAM,no_absolute_scale_keep_duration,1
layer2_pure_attention,0.0,0.0,1.7972490787506104,4,1,SYNTHETIC_UNTRAINED_DOWNSTREAM,no_absolute_scale_keep_duration,1
layer2_weights,0.0,0.0,1.0,4,1,SYNTHETIC_UNTRAINED_DOWNSTREAM,no_absolute_scale_keep_duration,1
layer2_readout,0.37271201610565186,2.017116069793701,4.47211217880249,4,1,SYNTHETIC_UNTRAINED_DOWNSTREAM,no_absolute_scale_keep_duration,1
layer3_pure_attention,0.0,0.0,1.8644719123840332,4,1,SYNTHETIC_UNTRAINED_DOWNSTREAM,no_absolute_scale_keep_duration,1
layer3_weights,0.0,0.0,1.0,4,1,SYNTHETIC_UNTRAINED_DOWNSTREAM,no_absolute_scale_keep_duration,1
layer3_readout,0.37271201610565186,2.017116069793701,4.47211217880249,4,1,SYNTHETIC_UNTRAINED_DOWNSTREAM,no_absolute_scale_keep_duration,1
pga_head_hidden,0.2027466893196106,0.8286962509155273,1.592902660369873,4,1,SYNTHETIC_UNTRAINED_DOWNSTREAM,no_absolute_scale_keep_duration,1
mdn_weights,0.00019536462787073106,0.0006620883941650391,0.5773504972457886,4,1,SYNTHETIC_UNTRAINED_DOWNSTREAM,no_absolute_scale_keep_duration,1
mdn_mu,0.0001934706961037591,0.0005446672439575195,1.9452509880065918,4,1,SYNTHETIC_UNTRAINED_DOWNSTREAM,no_absolute_scale_keep_duration,1
mdn_sigma,0.00017862467211671174,0.0006165206432342529,0.7472707033157349,4,1,SYNTHETIC_UNTRAINED_DOWNSTREAM,no_absolute_scale_keep_duration,1
prediction,0.00015453410742338747,0.0004315376281738281,1.1230911016464233,4,1,SYNTHETIC_UNTRAINED_DOWNSTREAM,no_absolute_scale_keep_duration,1
query_coordinates,0.06455060839653015,0.2400054931640625,1.4520583152770996,4,3,SYNTHETIC_UNTRAINED_DOWNSTREAM,no_absolute_scale_keep_duration,3
query_position_encoding,0.3763701915740967,1.9503862857818604,3.1622776985168457,4,3,SYNTHETIC_UNTRAINED_DOWNSTREAM,no_absolute_scale_keep_duration,3
query_before_attention,0.3763701915740967,1.9503862857818604,3.1585662364959717,4,3,SYNTHETIC_UNTRAINED_DOWNSTREAM,no_absolute_scale_keep_duration,3
pure_attention,0.012764831073582172,0.062366783618927,1.6042771339416504,4,3,SYNTHETIC_UNTRAINED_DOWNSTREAM,no_absolute_scale_keep_duration,3
attention_weights,0.012843678705394268,0.07108020782470703,0.5786411762237549,4,3,SYNTHETIC_UNTRAINED_DOWNSTREAM,no_absolute_scale_keep_duration,3
residual_sum,0.37559768557548523,1.9522454738616943,3.8984427452087402,4,3,SYNTHETIC_UNTRAINED_DOWNSTREAM,no_absolute_scale_keep_duration,3
residual_normalized,0.4196566641330719,2.2867331504821777,4.472105503082275,4,3,SYNTHETIC_UNTRAINED_DOWNSTREAM,no_absolute_scale_keep_duration,3
layer1_pure_attention,0.007222904823720455,0.03734898567199707,1.4057873487472534,4,3,SYNTHETIC_UNTRAINED_DOWNSTREAM,no_absolute_scale_keep_duration,3
layer1_weights,0.010458391159772873,0.05392497777938843,0.5812128186225891,4,3,SYNTHETIC_UNTRAINED_DOWNSTREAM,no_absolute_scale_keep_duration,3
layer1_readout,0.4196566641330719,2.2867331504821777,4.472105503082275,4,3,SYNTHETIC_UNTRAINED_DOWNSTREAM,no_absolute_scale_keep_duration,3
layer2_pure_attention,0.005373271182179451,0.029220908880233765,1.6631357669830322,4,3,SYNTHETIC_UNTRAINED_DOWNSTREAM,no_absolute_scale_keep_duration,3
layer2_weights,0.004558035172522068,0.019741803407669067,0.5791285634040833,4,3,SYNTHETIC_UNTRAINED_DOWNSTREAM,no_absolute_scale_keep_duration,3
layer2_readout,0.4196566641330719,2.2867331504821777,4.472105503082275,4,3,SYNTHETIC_UNTRAINED_DOWNSTREAM,no_absolute_scale_keep_duration,3
layer3_pure_attention,0.007238812744617462,0.026838958263397217,2.110718011856079,4,3,SYNTHETIC_UNTRAINED_DOWNSTREAM,no_absolute_scale_keep_duration,3
layer3_weights,0.003272480331361294,0.018602728843688965,0.5788719654083252,4,3,SYNTHETIC_UNTRAINED_DOWNSTREAM,no_absolute_scale_keep_duration,3
layer3_readout,0.4196566641330719,2.2867331504821777,4.472105503082275,4,3,SYNTHETIC_UNTRAINED_DOWNSTREAM,no_absolute_scale_keep_duration,3
pga_head_hidden,0.2334747612476349,0.9529423713684082,1.609630823135376,4,3,SYNTHETIC_UNTRAINED_DOWNSTREAM,no_absolute_scale_keep_duration,3
mdn_weights,0.00022556178737431765,0.0007593929767608643,0.5773504972457886,4,3,SYNTHETIC_UNTRAINED_DOWNSTREAM,no_absolute_scale_keep_duration,3
mdn_mu,0.00022414387785829604,0.0006251335144042969,1.9453105926513672,4,3,SYNTHETIC_UNTRAINED_DOWNSTREAM,no_absolute_scale_keep_duration,3
mdn_sigma,0.00020093070634175092,0.0006892383098602295,0.7472379803657532,4,3,SYNTHETIC_UNTRAINED_DOWNSTREAM,no_absolute_scale_keep_duration,3
prediction,0.0001809516834327951,0.0005067586898803711,1.123125433921814,4,3,SYNTHETIC_UNTRAINED_DOWNSTREAM,no_absolute_scale_keep_duration,3
query_coordinates,0.06455060839653015,0.2400054931640625,1.4520583152770996,4,5,SYNTHETIC_UNTRAINED_DOWNSTREAM,no_absolute_scale_keep_duration,5
query_position_encoding,0.3763701915740967,1.9503862857818604,3.1622776985168457,4,5,SYNTHETIC_UNTRAINED_DOWNSTREAM,no_absolute_scale_keep_duration,5
query_before_attention,0.3763701915740967,1.9503862857818604,3.1585662364959717,4,5,SYNTHETIC_UNTRAINED_DOWNSTREAM,no_absolute_scale_keep_duration,5
pure_attention,0.00944958534091711,0.041842974722385406,1.5589098930358887,4,5,SYNTHETIC_UNTRAINED_DOWNSTREAM,no_absolute_scale_keep_duration,5
attention_weights,0.01042347401380539,0.05854244530200958,0.4482842683792114,4,5,SYNTHETIC_UNTRAINED_DOWNSTREAM,no_absolute_scale_keep_duration,5
residual_sum,0.37447625398635864,1.959822177886963,3.8569493293762207,4,5,SYNTHETIC_UNTRAINED_DOWNSTREAM,no_absolute_scale_keep_duration,5
residual_normalized,0.4255198538303375,2.305755138397217,4.472104549407959,4,5,SYNTHETIC_UNTRAINED_DOWNSTREAM,no_absolute_scale_keep_duration,5
layer1_pure_attention,0.007526617031544447,0.037966132164001465,1.3478025197982788,4,5,SYNTHETIC_UNTRAINED_DOWNSTREAM,no_absolute_scale_keep_duration,5
layer1_weights,0.008314033970236778,0.03689643740653992,0.4518197178840637,4,5,SYNTHETIC_UNTRAINED_DOWNSTREAM,no_absolute_scale_keep_duration,5
layer1_readout,0.4255198538303375,2.305755138397217,4.472104549407959,4,5,SYNTHETIC_UNTRAINED_DOWNSTREAM,no_absolute_scale_keep_duration,5
layer2_pure_attention,0.005273963790386915,0.0308045893907547,1.6411008834838867,4,5,SYNTHETIC_UNTRAINED_DOWNSTREAM,no_absolute_scale_keep_duration,5
layer2_weights,0.0037742138374596834,0.018613606691360474,0.4491739869117737,4,5,SYNTHETIC_UNTRAINED_DOWNSTREAM,no_absolute_scale_keep_duration,5
layer2_readout,0.4255198538303375,2.305755138397217,4.472104549407959,4,5,SYNTHETIC_UNTRAINED_DOWNSTREAM,no_absolute_scale_keep_duration,5
layer3_pure_attention,0.006200386211276054,0.032872140407562256,2.05377459526062,4,5,SYNTHETIC_UNTRAINED_DOWNSTREAM,no_absolute_scale_keep_duration,5
layer3_weights,0.007182643283158541,0.039896175265312195,0.4502509832382202,4,5,SYNTHETIC_UNTRAINED_DOWNSTREAM,no_absolute_scale_keep_duration,5
layer3_readout,0.4255198538303375,2.305755138397217,4.472104549407959,4,5,SYNTHETIC_UNTRAINED_DOWNSTREAM,no_absolute_scale_keep_duration,5
pga_head_hidden,0.2344520390033722,0.9507163166999817,1.6170904636383057,4,5,SYNTHETIC_UNTRAINED_DOWNSTREAM,no_absolute_scale_keep_duration,5
mdn_weights,0.00022657412046100944,0.0007663965225219727,0.5773505568504333,4,5,SYNTHETIC_UNTRAINED_DOWNSTREAM,no_absolute_scale_keep_duration,5
mdn_mu,0.00022486863599624485,0.0006237030029296875,1.945383906364441,4,5,SYNTHETIC_UNTRAINED_DOWNSTREAM,no_absolute_scale_keep_duration,5
mdn_sigma,0.00020278552256058902,0.0006966590881347656,0.7472239136695862,4,5,SYNTHETIC_UNTRAINED_DOWNSTREAM,no_absolute_scale_keep_duration,5
prediction,0.00018068618373945355,0.000506281852722168,1.123167872428894,4,5,SYNTHETIC_UNTRAINED_DOWNSTREAM,no_absolute_scale_keep_duration,5
query_coordinates,0.06455060839653015,0.2400054931640625,1.4520583152770996,4,8,SYNTHETIC_UNTRAINED_DOWNSTREAM,no_absolute_scale_keep_duration,8
query_position_encoding,0.3763701915740967,1.9503862857818604,3.1622776985168457,4,8,SYNTHETIC_UNTRAINED_DOWNSTREAM,no_absolute_scale_keep_duration,8
query_before_attention,0.3763701915740967,1.9503862857818604,3.1585662364959717,4,8,SYNTHETIC_UNTRAINED_DOWNSTREAM,no_absolute_scale_keep_duration,8
pure_attention,0.005749683361500502,0.029965311288833618,1.5988333225250244,4,8,SYNTHETIC_UNTRAINED_DOWNSTREAM,no_absolute_scale_keep_duration,8
attention_weights,0.007703492417931557,0.034187138080596924,0.3543797433376312,4,8,SYNTHETIC_UNTRAINED_DOWNSTREAM,no_absolute_scale_keep_duration,8
residual_sum,0.37573227286338806,1.9622271060943604,3.9158899784088135,4,8,SYNTHETIC_UNTRAINED_DOWNSTREAM,no_absolute_scale_keep_duration,8
residual_normalized,0.42061328887939453,2.285759449005127,4.472105026245117,4,8,SYNTHETIC_UNTRAINED_DOWNSTREAM,no_absolute_scale_keep_duration,8
layer1_pure_attention,0.006907726638019085,0.03108811378479004,1.2992935180664062,4,8,SYNTHETIC_UNTRAINED_DOWNSTREAM,no_absolute_scale_keep_duration,8
layer1_weights,0.007323540281504393,0.031416356563568115,0.35694336891174316,4,8,SYNTHETIC_UNTRAINED_DOWNSTREAM,no_absolute_scale_keep_duration,8
layer1_readout,0.42061328887939453,2.285759449005127,4.472105026245117,4,8,SYNTHETIC_UNTRAINED_DOWNSTREAM,no_absolute_scale_keep_duration,8
layer2_pure_attention,0.0034324757289141417,0.02047683671116829,1.6101642847061157,4,8,SYNTHETIC_UNTRAINED_DOWNSTREAM,no_absolute_scale_keep_duration,8
layer2_weights,0.005272014532238245,0.02365286648273468,0.3555775582790375,4,8,SYNTHETIC_UNTRAINED_DOWNSTREAM,no_absolute_scale_keep_duration,8
layer2_readout,0.42061328887939453,2.285759449005127,4.472105026245117,4,8,SYNTHETIC_UNTRAINED_DOWNSTREAM,no_absolute_scale_keep_duration,8
layer3_pure_attention,0.004629721865057945,0.02189120650291443,1.958010196685791,4,8,SYNTHETIC_UNTRAINED_DOWNSTREAM,no_absolute_scale_keep_duration,8
layer3_weights,0.005476501304656267,0.02273537963628769,0.3555295765399933,4,8,SYNTHETIC_UNTRAINED_DOWNSTREAM,no_absolute_scale_keep_duration,8
layer3_readout,0.42061328887939453,2.285759449005127,4.472105026245117,4,8,SYNTHETIC_UNTRAINED_DOWNSTREAM,no_absolute_scale_keep_duration,8
pga_head_hidden,0.23022200167179108,0.9253510236740112,1.6330015659332275,4,8,SYNTHETIC_UNTRAINED_DOWNSTREAM,no_absolute_scale_keep_duration,8
mdn_weights,0.00022218245430849493,0.000753939151763916,0.5773506164550781,4,8,SYNTHETIC_UNTRAINED_DOWNSTREAM,no_absolute_scale_keep_duration,8
mdn_mu,0.00021805115102324635,0.000601649284362793,1.9453736543655396,4,8,SYNTHETIC_UNTRAINED_DOWNSTREAM,no_absolute_scale_keep_duration,8
mdn_sigma,0.00019958418852183968,0.0006811916828155518,0.7472390532493591,4,8,SYNTHETIC_UNTRAINED_DOWNSTREAM,no_absolute_scale_keep_duration,8
prediction,0.00017400858632754534,0.0004878044128417969,1.123162031173706,4,8,SYNTHETIC_UNTRAINED_DOWNSTREAM,no_absolute_scale_keep_duration,8
