step_km,axis,gradient_mean_max_abs,finite_difference_mean_max_abs,mean_fd_gradient_max_error,distribution_gradient_max_abs,distribution_fd_max_abs,distribution_fd_gradient_max_error,evidence,mode,input_count
0.01,north,0.0017311668489128351,0.0017285346984863281,3.222143277525902e-06,0.002602828200906515,0.0025987625122070312,4.0656886994838715e-06,SYNTHETIC_UNTRAINED_DOWNSTREAM,physical_scale_keep_duration,1
0.01,east,0.001201154664158821,0.0012040138244628906,1.4835270121693611e-05,0.0015439041890203953,0.0015422701835632324,3.548047970980406e-06,SYNTHETIC_UNTRAINED_DOWNSTREAM,physical_scale_keep_duration,1
0.1,north,0.0017311668489128351,0.0016564130783081055,7.475377060472965e-05,0.002602828200906515,0.002492666244506836,0.00011062528938055038,SYNTHETIC_UNTRAINED_DOWNSTREAM,physical_scale_keep_duration,1
0.1,east,0.001201154664158821,0.0011098384857177734,9.131617844104767e-05,0.0015439041890203953,0.0014154613018035889,0.0001285918988287449,SYNTHETIC_UNTRAINED_DOWNSTREAM,physical_scale_keep_duration,1
1.0,north,0.0017311668489128351,2.9861927032470703e-05,0.0017040467355400324,0.002602828200906515,0.0001332312822341919,0.0025906688533723354,SYNTHETIC_UNTRAINED_DOWNSTREAM,physical_scale_keep_duration,1
1.0,east,0.001201154664158821,0.0002639889717102051,0.000937165692448616,0.0015439041890203953,0.00034362077713012695,0.0014198371209204197,SYNTHETIC_UNTRAINED_DOWNSTREAM,physical_scale_keep_duration,1
0.01,north,0.001910134800709784,0.0019073486328125,9.587150998413563e-06,0.0028753371443599463,0.002872943878173828,5.403882823884487e-06,SYNTHETIC_UNTRAINED_DOWNSTREAM,physical_scale_keep_duration,3
0.01,east,0.0013442604104056954,0.00133514404296875,9.116367436945438e-06,0.0017569431802257895,0.001755356788635254,5.0800153985619545e-06,SYNTHETIC_UNTRAINED_DOWNSTREAM,physical_scale_keep_duration,3
0.1,north,0.001910134800709784,0.0018233060836791992,8.682871703058481e-05,0.0028753371443599463,0.002747178077697754,0.00012870482169091702,SYNTHETIC_UNTRAINED_DOWNSTREAM,physical_scale_keep_duration,3
0.1,east,0.0013442604104056954,0.001239180564880371,0.00010507984552532434,0.0017569431802257895,0.0016103684902191162,0.00014657469000667334,SYNTHETIC_UNTRAINED_DOWNSTREAM,physical_scale_keep_duration,3
1.0,north,0.001910134800709784,3.147125244140625e-05,0.0018852796638384461,0.0028753371443599463,0.00015401840209960938,0.0028633566107600927,SYNTHETIC_UNTRAINED_DOWNSTREAM,physical_scale_keep_duration,3
1.0,east,0.0013442604104056954,0.000293731689453125,0.0010505287209525704,0.0017569431802257895,0.0003820061683654785,0.0016046384116634727,SYNTHETIC_UNTRAINED_DOWNSTREAM,physical_scale_keep_duration,3
0.01,north,0.0019071276765316725,0.0019073486328125,7.697031833231449e-06,0.0028697396628558636,0.002866983413696289,3.3939722925424576e-06,SYNTHETIC_UNTRAINED_DOWNSTREAM,physical_scale_keep_duration,5
0.01,east,0.0012979479506611824,0.0012993812561035156,2.469751052558422e-06,0.001711812918074429,0.0017121434211730957,5.466747097671032e-06,SYNTHETIC_UNTRAINED_DOWNSTREAM,physical_scale_keep_duration,5
0.1,north,0.0019071276765316725,0.0018203258514404297,8.680182509124279e-05,0.0028697396628558636,0.0027418136596679688,0.00012792600318789482,SYNTHETIC_UNTRAINED_DOWNSTREAM,physical_scale_keep_duration,5
0.1,east,0.0012979479506611824,0.0011974573135375977,0.00010049063712358475,0.001711812918074429,0.0015698373317718506,0.00014197558630257845,SYNTHETIC_UNTRAINED_DOWNSTREAM,physical_scale_keep_duration,5
1.0,north,0.0019071276765316725,2.6524066925048828e-05,0.001888888655230403,0.0028697396628558636,0.0001509934663772583,0.0028638388030231,SYNTHETIC_UNTRAINED_DOWNSTREAM,physical_scale_keep_duration,5
1.0,east,0.0012979479506611824,0.0002875328063964844,0.001010415144264698,0.001711812918074429,0.00037235021591186523,0.0015641871141269803,SYNTHETIC_UNTRAINED_DOWNSTREAM,physical_scale_keep_duration,5
0.01,north,0.0018286858685314655,0.0018239021301269531,6.2087783589959145e-06,0.0027663204818964005,0.002765655517578125,3.3352989703416824e-06,SYNTHETIC_UNTRAINED_DOWNSTREAM,physical_scale_keep_duration,8
0.01,east,0.0013044822262600064,0.0013053417205810547,8.16758256405592e-06,0.0016738255508244038,0.0016704201698303223,5.017849616706371e-06,SYNTHETIC_UNTRAINED_DOWNSTREAM,physical_scale_keep_duration,8
0.1,north,0.0018286858685314655,0.0017446279525756836,8.429086301475763e-05,0.0027663204818964005,0.0026410818099975586,0.00012523867189884186,SYNTHETIC_UNTRAINED_DOWNSTREAM,physical_scale_keep_duration,8
0.1,east,0.0013044822262600064,0.001201629638671875,0.00010285258758813143,0.0016738255508244038,0.0015343725681304932,0.0001394529826939106,SYNTHETIC_UNTRAINED_DOWNSTREAM,physical_scale_keep_duration,8
1.0,north,0.0018286858685314655,2.866983413696289e-05,0.0018061553128063679,0.0027663204818964005,0.00014474987983703613,0.002757558599114418,SYNTHETIC_UNTRAINED_DOWNSTREAM,physical_scale_keep_duration,8
1.0,east,0.0013044822262600064,0.00028461217880249023,0.0010198700474575162,0.0016738255508244038,0.00036847591400146484,0.0015308191068470478,SYNTHETIC_UNTRAINED_DOWNSTREAM,physical_scale_keep_duration,8
0.01,north,0.001731143449433148,0.0017285346984863281,2.8766226023435593e-06,0.0026027753483504057,0.0026047229766845703,2.878601662814617e-06,SYNTHETIC_UNTRAINED_DOWNSTREAM,no_absolute_scale_keep_duration,1
0.01,east,0.001201111706905067,0.0011920928955078125,9.018811397254467e-06,0.0015438502887263894,0.001545250415802002,4.468660335987806e-06,SYNTHETIC_UNTRAINED_DOWNSTREAM,no_absolute_scale_keep_duration,1
0.1,north,0.001731143449433148,0.0016570091247558594,7.440219633281231e-05,0.0026027753483504057,0.002492666244506836,0.00011056801304221153,SYNTHETIC_UNTRAINED_DOWNSTREAM,no_absolute_scale_keep_duration,1
0.1,east,0.001201111706905067,0.0011098384857177734,9.127322118729353e-05,0.0015438502887263894,0.0014157593250274658,0.00012883602175861597,SYNTHETIC_UNTRAINED_DOWNSTREAM,no_absolute_scale_keep_duration,1
1.0,north,0.001731143449433148,2.9921531677246094e-05,0.0017040829407051206,0.0026027753483504057,0.0001332312822341919,0.002590616000816226,SYNTHETIC_UNTRAINED_DOWNSTREAM,no_absolute_scale_keep_duration,1
1.0,east,0.001201111706905067,0.0002638697624206543,0.0009372419444844127,0.0015438502887263894,0.00034356117248535156,0.0014197832206264138,SYNTHETIC_UNTRAINED_DOWNSTREAM,no_absolute_scale_keep_duration,1
0.01,north,0.0019101263023912907,0.0019073486328125,6.303773261606693e-06,0.0028752994257956743,0.002878904342651367,5.376641638576984e-06,SYNTHETIC_UNTRAINED_DOWNSTREAM,no_absolute_scale_keep_duration,3
0.01,east,0.0013442164054140449,0.0013470649719238281,5.992420483380556e-06,0.0017568932380527258,0.001755356788635254,6.7052897065877914e-06,SYNTHETIC_UNTRAINED_DOWNSTREAM,no_absolute_scale_keep_duration,3
0.1,north,0.0019101263023912907,0.0018233060836791992,8.736609015613794e-05,0.0028752994257956743,0.002747178077697754,0.00012865755707025528,SYNTHETIC_UNTRAINED_DOWNSTREAM,no_absolute_scale_keep_duration,3
0.1,east,0.0013442164054140449,0.001239180564880371,0.00010503584053367376,0.0017568932380527258,0.0016100704669952393,0.00014682277105748653,SYNTHETIC_UNTRAINED_DOWNSTREAM,no_absolute_scale_keep_duration,3
1.0,north,0.0019101263023912907,3.153085708618164e-05,0.0018852711655199528,0.0028752994257956743,0.00015400350093841553,0.002863378496840596,SYNTHETIC_UNTRAINED_DOWNSTREAM,no_absolute_scale_keep_duration,3
1.0,east,0.0013442164054140449,0.0002937912940979004,0.0010504251113161445,0.0017568932380527258,0.0003820061683654785,0.001604588469490409,SYNTHETIC_UNTRAINED_DOWNSTREAM,no_absolute_scale_keep_duration,3
0.01,north,0.0019071215065196157,0.0019073486328125,4.239846020936966e-06,0.002869705203920603,0.002872943878173828,3.2386742532253265e-06,SYNTHETIC_UNTRAINED_DOWNSTREAM,no_absolute_scale_keep_duration,5
0.01,east,0.001297901850193739,0.0013053417205810547,7.43987038731575e-06,0.0017117593670263886,0.001710653305053711,5.444628186523914e-06,SYNTHETIC_UNTRAINED_DOWNSTREAM,no_absolute_scale_keep_duration,5
0.1,north,0.0019071215065196157,0.0018197298049926758,8.739170152693987e-05,0.002869705203920603,0.0027418136596679688,0.00012789154425263405,SYNTHETIC_UNTRAINED_DOWNSTREAM,no_absolute_scale_keep_duration,5
0.1,east,0.001297901850193739,0.0011974573135375977,0.00010044453665614128,0.0017117593670263886,0.001569986343383789,0.00014177302364259958,SYNTHETIC_UNTRAINED_DOWNSTREAM,no_absolute_scale_keep_duration,5
1.0,north,0.0019071215065196157,2.6464462280273438e-05,0.001889001694507897,0.002869705203920603,0.0001509636640548706,0.002863804344087839,SYNTHETIC_UNTRAINED_DOWNSTREAM,no_absolute_scale_keep_duration,5
1.0,east,0.001297901850193739,0.00028759241104125977,0.0010103094391524792,0.0017117593670263886,0.00037235021591186523,0.0015641633654013276,SYNTHETIC_UNTRAINED_DOWNSTREAM,no_absolute_scale_keep_duration,5
0.01,north,0.0018286779522895813,0.0018298625946044922,9.664217941462994e-06,0.0027662860229611397,0.002765655517578125,6.157904863357544e-06,SYNTHETIC_UNTRAINED_DOWNSTREAM,no_absolute_scale_keep_duration,8
0.01,east,0.0013044399674981833,0.0012993812561035156,7.362279575318098e-06,0.001673776307143271,0.0016734004020690918,6.315531209111214e-06,SYNTHETIC_UNTRAINED_DOWNSTREAM,no_absolute_scale_keep_duration,8
0.1,north,0.0018286779522895813,0.0017446279525756836,8.40499997138977e-05,0.0027662860229611397,0.0026416778564453125,0.00012505101040005684,SYNTHETIC_UNTRAINED_DOWNSTREAM,no_absolute_scale_keep_duration,8
0.1,east,0.0013044399674981833,0.001201629638671875,0.00010281032882630825,0.001673776307143271,0.0015340745449066162,0.00013970176223665476,SYNTHETIC_UNTRAINED_DOWNSTREAM,no_absolute_scale_keep_duration,8
1.0,north,0.0018286779522895813,2.866983413696289e-05,0.0018060877919197083,0.0027662860229611397,0.00014474987983703613,0.002757464535534382,SYNTHETIC_UNTRAINED_DOWNSTREAM,no_absolute_scale_keep_duration,8
1.0,east,0.0013044399674981833,0.000284731388092041,0.0010197085794061422,0.001673776307143271,0.00036847591400146484,0.0015307847643271089,SYNTHETIC_UNTRAINED_DOWNSTREAM,no_absolute_scale_keep_duration,8
