stage,query_rms,cross_query_max_abs,token_norm_mean,effective_queries,effective_keys,evidence
query_coordinates,0.06455060839653015,0.2400054931640625,1.4520583152770996,4,8,SYNTHETIC_UNTRAINED_DOWNSTREAM
query_position_encoding,0.3763701915740967,1.9503862857818604,3.1622776985168457,4,8,SYNTHETIC_UNTRAINED_DOWNSTREAM
query_before_attention,0.3763701915740967,1.9503862857818604,3.1585662364959717,4,8,SYNTHETIC_UNTRAINED_DOWNSTREAM
pure_attention,0.0074170553125441074,0.04059481620788574,1.4841660261154175,4,8,SYNTHETIC_UNTRAINED_DOWNSTREAM
attention_weights,0.009450349025428295,0.04180923104286194,0.35476019978523254,4,8,SYNTHETIC_UNTRAINED_DOWNSTREAM
residual_sum,0.3750227391719818,1.9709460735321045,3.3289570808410645,4,8,SYNTHETIC_UNTRAINED_DOWNSTREAM
residual_normalized,0.48594003915786743,2.5603952407836914,4.472094535827637,4,8,SYNTHETIC_UNTRAINED_DOWNSTREAM
layer1_pure_attention,0.00857496913522482,0.04167056083679199,1.5557126998901367,4,8,SYNTHETIC_UNTRAINED_DOWNSTREAM
layer1_weights,0.006856183055788279,0.024536848068237305,0.3582462966442108,4,8,SYNTHETIC_UNTRAINED_DOWNSTREAM
layer1_readout,0.48594003915786743,2.5603952407836914,4.472094535827637,4,8,SYNTHETIC_UNTRAINED_DOWNSTREAM
layer2_pure_attention,0.0052248332649469376,0.024749204516410828,1.8634562492370605,4,8,SYNTHETIC_UNTRAINED_DOWNSTREAM
layer2_weights,0.007718161679804325,0.035129621624946594,0.3550770580768585,4,8,SYNTHETIC_UNTRAINED_DOWNSTREAM
layer2_readout,0.48594003915786743,2.5603952407836914,4.472094535827637,4,8,SYNTHETIC_UNTRAINED_DOWNSTREAM
layer3_pure_attention,0.00650249095633626,0.027938231825828552,1.6862598657608032,4,8,SYNTHETIC_UNTRAINED_DOWNSTREAM
layer3_weights,0.009352138265967369,0.04269766807556152,0.36027273535728455,4,8,SYNTHETIC_UNTRAINED_DOWNSTREAM
layer3_readout,0.48594003915786743,2.5603952407836914,4.472094535827637,4,8,SYNTHETIC_UNTRAINED_DOWNSTREAM
pga_head_hidden,0.2645778954029083,1.0998625755310059,1.7681361436843872,4,8,SYNTHETIC_UNTRAINED_DOWNSTREAM
mdn_weights,0.0002636686840560287,0.0008649528026580811,0.5773506164550781,4,8,SYNTHETIC_UNTRAINED_DOWNSTREAM
mdn_mu,0.00026625761529430747,0.0007270574569702148,1.9453084468841553,4,8,SYNTHETIC_UNTRAINED_DOWNSTREAM
mdn_sigma,0.00022779402206651866,0.0007968246936798096,0.7470395565032959,4,8,SYNTHETIC_UNTRAINED_DOWNSTREAM
prediction,0.0002180085430154577,0.0006086826324462891,1.123124361038208,4,8,SYNTHETIC_UNTRAINED_DOWNSTREAM
