stage	model_family	seed	run_id	config	main	protocol_sha256
pilot	diting_pretrained_frozen	42	pilot__diting_pretrained_frozen__seed42	configs/fe01/pilot/pilot__diting_pretrained_frozen__seed42.json	True	fdf93cfd9e53a0c63140e2a85c4119cdcab71bce78ef6cf67134af19f7aa0614
pilot	team_original_scratch	42	pilot__team_original_scratch__seed42	configs/fe01/pilot/pilot__team_original_scratch__seed42.json	True	41a22339f32379583e9b92e8d6872ce6142d7d2c44feee24bf7829d667840da8
pilot	phasenet_pretrained_frozen	42	pilot__phasenet_pretrained_frozen__seed42	configs/fe01/pilot/pilot__phasenet_pretrained_frozen__seed42.json	True	9b8208be76c5dc268fd85a4efccde3bb5ba67147f98e4662afb327e2b4801760
pilot	eqt_pretrained_frozen	42	pilot__eqt_pretrained_frozen__seed42	configs/fe01/pilot/pilot__eqt_pretrained_frozen__seed42.json	True	b6ed00b26cc3f696eeaaad77e1d99f6722d360944e79f939a32a386ebdc0aead
formal	diting_pretrained_frozen	42	formal__diting_pretrained_frozen__seed42	configs/fe01/formal/formal__diting_pretrained_frozen__seed42.json	True	7d78c34c5e2adb7f33e93f49e35e766b2889bc89a2d9608beb60b5ca6b820da2
formal	diting_pretrained_frozen	43	formal__diting_pretrained_frozen__seed43	configs/fe01/formal/formal__diting_pretrained_frozen__seed43.json	True	d00cb34742553e8aaaef230be6f786a149c85908727a4a7dd9ed89bb570f9596
formal	diting_pretrained_frozen	44	formal__diting_pretrained_frozen__seed44	configs/fe01/formal/formal__diting_pretrained_frozen__seed44.json	True	91511f7e37eaaa8625e0249d07e09dfe568a1bfc1e535a8b754deece90aad72d
formal	team_original_scratch	42	formal__team_original_scratch__seed42	configs/fe01/formal/formal__team_original_scratch__seed42.json	True	65f23fa110da467b7b30b2537c7d17e5210a6cfaaa438024964954f10da65618
formal	team_original_scratch	43	formal__team_original_scratch__seed43	configs/fe01/formal/formal__team_original_scratch__seed43.json	True	3b5f7a1e622fdd719dd9bc36586ebe7395fbce55a40082684b9c084644b6e803
formal	team_original_scratch	44	formal__team_original_scratch__seed44	configs/fe01/formal/formal__team_original_scratch__seed44.json	True	aab9f395a9962063082453a59483d43f3b5b8cbdf6f570f5d3edc44baf6a33f8
formal	phasenet_pretrained_frozen	42	formal__phasenet_pretrained_frozen__seed42	configs/fe01/formal/formal__phasenet_pretrained_frozen__seed42.json	True	ef080d0d607606dc6a78734e0163373cc75cb152004a070ff4c6a9f87861b694
formal	phasenet_pretrained_frozen	43	formal__phasenet_pretrained_frozen__seed43	configs/fe01/formal/formal__phasenet_pretrained_frozen__seed43.json	True	360bdf67c795112994d2afe298e518f0e09a807cde3ddf3921860f6953b39475
formal	phasenet_pretrained_frozen	44	formal__phasenet_pretrained_frozen__seed44	configs/fe01/formal/formal__phasenet_pretrained_frozen__seed44.json	True	3cf0abcfc52a973c5f3bd9c678881a7770fe6bc5a63380de2cea562a560a9781
formal	eqt_pretrained_frozen	42	formal__eqt_pretrained_frozen__seed42	configs/fe01/formal/formal__eqt_pretrained_frozen__seed42.json	True	d0283434f3aad8485da7099e7a637b09c8a58a038e2ee8fcd0d81394f84eb731
formal	eqt_pretrained_frozen	43	formal__eqt_pretrained_frozen__seed43	configs/fe01/formal/formal__eqt_pretrained_frozen__seed43.json	True	4f2beaf3e0f53c75d1944c10b78e4566fab6c2f54ee6829277444435c3d03b91
formal	eqt_pretrained_frozen	44	formal__eqt_pretrained_frozen__seed44	configs/fe01/formal/formal__eqt_pretrained_frozen__seed44.json	True	0f0f19c03573c0209e9db78f39a3e826ab04be8b92dd508bdf76a27a46710ef4
formal	amplitude_only	42	formal__amplitude_only__seed42	configs/fe01/formal/formal__amplitude_only__seed42.json	False	783a1362c25f1968e6e848deb270183b150d37fbf0e7059cfee373733ba215e6
formal	amplitude_only	43	formal__amplitude_only__seed43	configs/fe01/formal/formal__amplitude_only__seed43.json	False	7b0dbcf1b10b78fd2cb9ac532f9b2c888b0681d27c34129d4c73b8c16ea61973
formal	amplitude_only	44	formal__amplitude_only__seed44	configs/fe01/formal/formal__amplitude_only__seed44.json	False	afd3a5e17965cc4f529bc8ea03c86691751c63b0182e71ccb1da7b283ae66121
formal	coords_only	42	formal__coords_only__seed42	configs/fe01/formal/formal__coords_only__seed42.json	False	dc213dddc10323c8cf58130329152a8bd515998e28f803806989fe7701ce322f
formal	coords_only	43	formal__coords_only__seed43	configs/fe01/formal/formal__coords_only__seed43.json	False	ef3207e137f855b41cdc2a75da2822458e9b8ef85301c51d252d8c0c1f3e90e5
formal	coords_only	44	formal__coords_only__seed44	configs/fe01/formal/formal__coords_only__seed44.json	False	a544c5f0c4a304c5f59b8039836b1e0a03d6792a20777b77f061e7ab6cca0bab
formal	diting_random_frozen	42	formal__diting_random_frozen__seed42	configs/fe01/formal/formal__diting_random_frozen__seed42.json	False	badaddf5a5e51570e035482560fb1233814a9de93995126156f283331ff27f94
formal	diting_random_frozen	43	formal__diting_random_frozen__seed43	configs/fe01/formal/formal__diting_random_frozen__seed43.json	False	e1a818e834b045336b13d97e7bc9e4659c33a345751e57d01fcd62b5c54aaf8e
formal	diting_random_frozen	44	formal__diting_random_frozen__seed44	configs/fe01/formal/formal__diting_random_frozen__seed44.json	False	06a1f0bacd22f6051a8742bdaccd0e6524aa63d14a33c273f9c1f23cc04594ce
spatial	diting_pretrained_frozen	42	spatial__diting_pretrained_frozen__seed42	configs/fe01/spatial/spatial__diting_pretrained_frozen__seed42.json	True	30d7aa20e99ac5b05349e33c48a3529d6bd01d01bc067b31e33038c8353bf4bd
spatial	diting_pretrained_frozen	43	spatial__diting_pretrained_frozen__seed43	configs/fe01/spatial/spatial__diting_pretrained_frozen__seed43.json	True	bb33ddd3475c4d6f657d6494a2a8174b641ecf1f106215ef0e49bd0d26bded8b
spatial	diting_pretrained_frozen	44	spatial__diting_pretrained_frozen__seed44	configs/fe01/spatial/spatial__diting_pretrained_frozen__seed44.json	True	2b32c2886817287e8c3ddccb7fbe7b9f3f97898e49451aac4d8b1761ced9fdcf
spatial	team_original_scratch	42	spatial__team_original_scratch__seed42	configs/fe01/spatial/spatial__team_original_scratch__seed42.json	True	f2e9cdc948c781d85f340150e573f381b7568b86be2959f6ee36aa0a78b6ce07
spatial	team_original_scratch	43	spatial__team_original_scratch__seed43	configs/fe01/spatial/spatial__team_original_scratch__seed43.json	True	bd99f79f7e91b7175673e2571892e779c16ee07757bb3c9b2792852b5b777148
spatial	team_original_scratch	44	spatial__team_original_scratch__seed44	configs/fe01/spatial/spatial__team_original_scratch__seed44.json	True	d2a054f0fe9dacf7fb4b69cf2c63a20f7d47b7a9ce5cfd80bc284e0e19b20895
spatial	phasenet_pretrained_frozen	42	spatial__phasenet_pretrained_frozen__seed42	configs/fe01/spatial/spatial__phasenet_pretrained_frozen__seed42.json	True	b51754be59b0ae99a879a4a97f5a86e67a5446285860c26e601396d68f2f512c
spatial	phasenet_pretrained_frozen	43	spatial__phasenet_pretrained_frozen__seed43	configs/fe01/spatial/spatial__phasenet_pretrained_frozen__seed43.json	True	bb653782167e8529d9982ceb1b1475b434337657ffa48c6f43917046bd1f6721
spatial	phasenet_pretrained_frozen	44	spatial__phasenet_pretrained_frozen__seed44	configs/fe01/spatial/spatial__phasenet_pretrained_frozen__seed44.json	True	aed4bf9b533d774d0c07c5449ba296ea75a25bbf611cf9bd1a58e8e5f3911ee1
spatial	eqt_pretrained_frozen	42	spatial__eqt_pretrained_frozen__seed42	configs/fe01/spatial/spatial__eqt_pretrained_frozen__seed42.json	True	935e7ba08d5f55c339364ec0e9b0ee9e1f882b7741f9c2105dc6d6bfc7754948
spatial	eqt_pretrained_frozen	43	spatial__eqt_pretrained_frozen__seed43	configs/fe01/spatial/spatial__eqt_pretrained_frozen__seed43.json	True	e8918554218b88f5e5149ff57e9dcbab1dd7d04438fc3a6712d66bd36e33e058
spatial	eqt_pretrained_frozen	44	spatial__eqt_pretrained_frozen__seed44	configs/fe01/spatial/spatial__eqt_pretrained_frozen__seed44.json	True	cec3b0f4d72291997216c5ae49921112c0640fc2708ea4d2c439d7017776cceb
