elapsed_time,geometry_protocol,k_group,target_group,available,selected,missing,cap
1,normal,K1,Q1to4,183,32,False,32
1,normal,K1,Q5plus,329,32,False,32
1,normal,Kmulti,Q1to4,70,32,False,32
1,normal,Kmulti,Q5plus,728,32,False,32
1,random,K1,Q1to4,250,32,False,32
1,random,K1,Q5plus,410,32,False,32
1,random,Kmulti,Q1to4,116,32,False,32
1,random,Kmulti,Q5plus,534,32,False,32
3,normal,K1,Q1to4,62,32,False,32
3,normal,K1,Q5plus,37,32,False,32
3,normal,Kmulti,Q1to4,191,32,False,32
3,normal,Kmulti,Q5plus,1020,32,False,32
3,random,K1,Q1to4,155,32,False,32
3,random,K1,Q5plus,187,32,False,32
3,random,Kmulti,Q1to4,289,32,False,32
3,random,Kmulti,Q5plus,679,32,False,32
5,normal,K1,Q1to4,22,22,False,32
5,normal,K1,Q5plus,4,4,False,32
5,normal,Kmulti,Q1to4,231,32,False,32
5,normal,Kmulti,Q5plus,1053,32,False,32
5,random,K1,Q1to4,125,32,False,32
5,random,K1,Q5plus,165,32,False,32
5,random,Kmulti,Q1to4,406,32,False,32
5,random,Kmulti,Q5plus,614,32,False,32
10,normal,K1,Q1to4,7,7,False,32
10,normal,K1,Q5plus,1,1,False,32
10,normal,Kmulti,Q1to4,246,32,False,32
10,normal,Kmulti,Q5plus,1056,32,False,32
10,random,K1,Q1to4,123,32,False,32
10,random,K1,Q5plus,165,32,False,32
10,random,Kmulti,Q1to4,496,32,False,32
10,random,Kmulti,Q5plus,526,32,False,32
20,normal,K1,Q1to4,5,5,False,32
20,normal,K1,Q5plus,1,1,False,32
20,normal,Kmulti,Q1to4,248,32,False,32
20,normal,Kmulti,Q5plus,1056,32,False,32
20,random,K1,Q1to4,123,32,False,32
20,random,K1,Q5plus,165,32,False,32
20,random,Kmulti,Q1to4,502,32,False,32
20,random,Kmulti,Q5plus,520,32,False,32
