run_id,audit_status,code_sha256,config_sha256,validation_population_sha256,truth_and_decision_sha256,common_initial_state_sha256,common_structure_sha256,pretrained_manifest_sha256,causal_audit_status,query_audit_status,sampler_audit_passed,train_events,val_events
formal__eqt_pretrained_frozen__seed42,AUDIT_PASS,3e537ff6693971d92b139e517f370b998237bd8b29989194e9ddcc06cc9dcfea,4e90975a5ce46e90a7e3b6df30edaff135aef1c921731ab32458659e649632fd,e96284780cb5f72b952c1697d4d264d307e7139a153201fa222566015aec7f69,f204deca06725af5513895416d5b0691c75c12221127854c32d1d497855155bb,98c3efb9e55a8c5b0afd3dc204b095d2cb3449519e44b78726adcc9b6da1d569,44a0b2832ec9ed350c9124054d5a4ce55bf62df4e07ae410f2a5627c67081435,6252debf5185283f183dca9fed4b22c2a1a809746cfd0cc82dc5699a9c28609e,PASS,PASS,True,9084,1310
formal__eqt_pretrained_frozen__seed43,AUDIT_PASS,3e537ff6693971d92b139e517f370b998237bd8b29989194e9ddcc06cc9dcfea,c7868302152b7b76001fb646034cf7cd7df11c6968048dc95fbcbea4fa9eaa61,e96284780cb5f72b952c1697d4d264d307e7139a153201fa222566015aec7f69,f204deca06725af5513895416d5b0691c75c12221127854c32d1d497855155bb,8b1a50076b7865f3e42eea7a001a8b6810a98435139c5730c800abb64cacf714,44a0b2832ec9ed350c9124054d5a4ce55bf62df4e07ae410f2a5627c67081435,6252debf5185283f183dca9fed4b22c2a1a809746cfd0cc82dc5699a9c28609e,PASS,PASS,True,9084,1310
formal__eqt_pretrained_frozen__seed44,AUDIT_PASS,3e537ff6693971d92b139e517f370b998237bd8b29989194e9ddcc06cc9dcfea,c27b07e1fb54992e45e0016e1e942186f2e04eed94c47470395930081c8f45e6,e96284780cb5f72b952c1697d4d264d307e7139a153201fa222566015aec7f69,f204deca06725af5513895416d5b0691c75c12221127854c32d1d497855155bb,9473be0f24755cd35b556531be621ad3cee681a808f95b734fca3210199791d7,44a0b2832ec9ed350c9124054d5a4ce55bf62df4e07ae410f2a5627c67081435,6252debf5185283f183dca9fed4b22c2a1a809746cfd0cc82dc5699a9c28609e,PASS,PASS,True,9084,1310
formal__phasenet_pretrained_frozen__seed42,AUDIT_PASS,3e537ff6693971d92b139e517f370b998237bd8b29989194e9ddcc06cc9dcfea,5ace97d05bc5dec778e7ab94e1c1035e4ae24d9c541434d945f717ebbeb4726c,e96284780cb5f72b952c1697d4d264d307e7139a153201fa222566015aec7f69,f204deca06725af5513895416d5b0691c75c12221127854c32d1d497855155bb,98c3efb9e55a8c5b0afd3dc204b095d2cb3449519e44b78726adcc9b6da1d569,44a0b2832ec9ed350c9124054d5a4ce55bf62df4e07ae410f2a5627c67081435,6252debf5185283f183dca9fed4b22c2a1a809746cfd0cc82dc5699a9c28609e,PASS,PASS,True,9084,1310
formal__phasenet_pretrained_frozen__seed43,AUDIT_PASS,3e537ff6693971d92b139e517f370b998237bd8b29989194e9ddcc06cc9dcfea,2d8d08daa5514a8c9fc474cef5b0f450ddea997c85c0253a3688bf5a3f4951c5,e96284780cb5f72b952c1697d4d264d307e7139a153201fa222566015aec7f69,f204deca06725af5513895416d5b0691c75c12221127854c32d1d497855155bb,8b1a50076b7865f3e42eea7a001a8b6810a98435139c5730c800abb64cacf714,44a0b2832ec9ed350c9124054d5a4ce55bf62df4e07ae410f2a5627c67081435,6252debf5185283f183dca9fed4b22c2a1a809746cfd0cc82dc5699a9c28609e,PASS,PASS,True,9084,1310
formal__phasenet_pretrained_frozen__seed44,AUDIT_PASS,3e537ff6693971d92b139e517f370b998237bd8b29989194e9ddcc06cc9dcfea,86c76a1f1ca51d2b5c2a67ce46d542cca5a29a25821c7ce3b873e0242d3e1b8f,e96284780cb5f72b952c1697d4d264d307e7139a153201fa222566015aec7f69,f204deca06725af5513895416d5b0691c75c12221127854c32d1d497855155bb,9473be0f24755cd35b556531be621ad3cee681a808f95b734fca3210199791d7,44a0b2832ec9ed350c9124054d5a4ce55bf62df4e07ae410f2a5627c67081435,6252debf5185283f183dca9fed4b22c2a1a809746cfd0cc82dc5699a9c28609e,PASS,PASS,True,9084,1310
formal__team_original_scratch__seed42,AUDIT_PASS,3e537ff6693971d92b139e517f370b998237bd8b29989194e9ddcc06cc9dcfea,5aac6ac56213350fa9e484166e725ab519a7d768b131161ecde4b069327c3718,e96284780cb5f72b952c1697d4d264d307e7139a153201fa222566015aec7f69,f204deca06725af5513895416d5b0691c75c12221127854c32d1d497855155bb,98c3efb9e55a8c5b0afd3dc204b095d2cb3449519e44b78726adcc9b6da1d569,44a0b2832ec9ed350c9124054d5a4ce55bf62df4e07ae410f2a5627c67081435,,PASS,PASS,True,9084,1310
formal__team_original_scratch__seed43,AUDIT_PASS,3e537ff6693971d92b139e517f370b998237bd8b29989194e9ddcc06cc9dcfea,ac878ab7b30a1f79a316edbb6c7399a4c497d543279d815bb9a61a4d18d16f1b,e96284780cb5f72b952c1697d4d264d307e7139a153201fa222566015aec7f69,f204deca06725af5513895416d5b0691c75c12221127854c32d1d497855155bb,8b1a50076b7865f3e42eea7a001a8b6810a98435139c5730c800abb64cacf714,44a0b2832ec9ed350c9124054d5a4ce55bf62df4e07ae410f2a5627c67081435,,PASS,PASS,True,9084,1310
formal__team_original_scratch__seed44,AUDIT_PASS,3e537ff6693971d92b139e517f370b998237bd8b29989194e9ddcc06cc9dcfea,d945b0fa1fa37c8bd310c809c517bd26d1cdea73543a4ffc4d393da716e118e4,e96284780cb5f72b952c1697d4d264d307e7139a153201fa222566015aec7f69,f204deca06725af5513895416d5b0691c75c12221127854c32d1d497855155bb,9473be0f24755cd35b556531be621ad3cee681a808f95b734fca3210199791d7,44a0b2832ec9ed350c9124054d5a4ce55bf62df4e07ae410f2a5627c67081435,,PASS,PASS,True,9084,1310
