run_id,model_family,seed,selected_epoch,validation_equal_time_protocol_noninput_mae,final_epoch_selection,validation_events,validation_rows,noninput_rows,epochs_recorded,final_updates,epoch_seconds_sum,trainable_parameters,encoder_parameters,native_n_samples,job_id,training_git_commit,training_git_dirty,selected_source,selected_source_sha256,pooled_noninput_mae,pooled_noninput_rmse,pooled_noninput_bias,equal_time_protocol_noninput_nll,equal_time_protocol_noninput_crps,equal_time_protocol_noninput_brier,equal_time_protocol_noninput_covered95,equal_time_protocol_noninput_covered68,equal_time_protocol_noninput_width95
formal__eqt_pretrained_frozen__seed42,eqt_pretrained_frozen,42,10,0.2364072702577118,0.2368711946128733,1310,194265,139440,12,2544,38375.69543287903,42438214,376935,6000,29181344,73ae9dec50713805c878b5e4efeb8264c01d0c76,,formal__eqt_pretrained_frozen__seed42/validation_epoch10.csv.gz,f06ce3542c3e8070db35b20b5440e6650e0d21449c8f7de680a2f0ac8e54b5f4,0.24314449619094122,0.31983094722074473,-0.009604737793350597,0.16772197137206463,0.16835584754190172,0.18094827365267427,0.9222872302042848,0.6280634757363777,1.0519321686293135
formal__eqt_pretrained_frozen__seed43,eqt_pretrained_frozen,43,10,0.23563037933303438,0.2365614040117991,1310,194265,139440,12,2544,38591.34765964374,42438214,376935,6000,29229582,73ae9dec50713805c878b5e4efeb8264c01d0c76,,formal__eqt_pretrained_frozen__seed43/validation_epoch10.csv.gz,8ff938c2f8b6c579cb5395031cb3b547b86587d9bfd9782a8053ceeff071cf37,0.24319964852699416,0.31996367792425756,-0.010426285821510008,0.15899093883425638,0.16752704157034876,0.18049772712884396,0.9264911704217713,0.6282283870946619,1.051169954291224
formal__eqt_pretrained_frozen__seed44,eqt_pretrained_frozen,44,10,0.23385124174421046,0.2343054943914916,1310,194265,139440,12,2544,38577.72368461639,42438214,376935,6000,29219507,73ae9dec50713805c878b5e4efeb8264c01d0c76,,formal__eqt_pretrained_frozen__seed44/validation_epoch10.csv.gz,b1f63e4e9620ac0766ce5e05a6559b8ab2d447437a9293d00543979474a629ed,0.2410195555166376,0.317619120756164,-0.013113970790026902,0.15488527875782493,0.16655692545396455,0.17836051794263513,0.921752391612444,0.6226259464624605,1.0350079885181365
formal__phasenet_pretrained_frozen__seed42,phasenet_pretrained_frozen,42,12,0.2256971054574258,0.2256971054574258,1310,194265,139440,12,2544,21723.196592550725,42550214,268443,3001,29181346,73ae9dec50713805c878b5e4efeb8264c01d0c76,,formal__phasenet_pretrained_frozen__seed42/validation_epoch12.csv.gz,046d86abe5c43ac30af1ae5d0dcbc247c61596ddd562c80523a5860c47117efe,0.23468341484047925,0.3109017457707823,-0.01785632644529596,0.15026659274315654,0.16210873694161335,0.1738249331077596,0.9130384296323916,0.6074975154885884,0.9767726988896364
formal__phasenet_pretrained_frozen__seed43,phasenet_pretrained_frozen,43,10,0.2258084501386012,0.2259430367118737,1310,194265,139440,12,2544,20996.09939898923,42550214,268443,3001,29219510,73ae9dec50713805c878b5e4efeb8264c01d0c76,,formal__phasenet_pretrained_frozen__seed43/validation_epoch10.csv.gz,5d81ce129ff10e3c8e62813c5bd65c63f76b985280e3f42d29a79aa01b83decc,0.23438366201043256,0.3098072235375154,-0.02210957359434916,0.13910785047960586,0.16166565177499895,0.17391477676550132,0.9126206723959109,0.6062650605485814,0.9706458539953354
formal__phasenet_pretrained_frozen__seed44,phasenet_pretrained_frozen,44,12,0.22594749952608337,0.2259474995260833,1310,194265,139440,12,2544,20951.467062342912,42550214,268443,3001,29219511,73ae9dec50713805c878b5e4efeb8264c01d0c76,,formal__phasenet_pretrained_frozen__seed44/validation_epoch12.csv.gz,677c2e47f44bafb628f468915a2bf107af844cae1fab6435c5ba3b4d6aacf6b7,0.23449894393641801,0.3104463257570409,-0.02067735024442134,0.1456130618368373,0.1621673328633246,0.17480608403589917,0.9130766004798719,0.606906987480859,0.976393888674848
formal__team_original_scratch__seed42,team_original_scratch,42,11,0.24515873110173741,0.2453311432731864,1310,194265,139440,12,2544,22566.837498001754,48307702,5886488,10000,29181345,73ae9dec50713805c878b5e4efeb8264c01d0c76,,formal__team_original_scratch__seed42/validation_epoch11.csv.gz,d58a7b410e8d8df5bf46ba6e7022d07740b57bb9d932140c4754d2d57149c8bc,0.2518215204561686,0.3320446816717139,-0.010361999973198477,0.21765456116496842,0.1748643304666016,0.1886172430878191,0.911661488206254,0.6050382356087147,1.051705036269837
formal__team_original_scratch__seed43,team_original_scratch,43,11,0.24097961248424365,0.2410247121686852,1310,194265,139440,12,2544,21863.23045449704,48307702,5886488,10000,29219508,73ae9dec50713805c878b5e4efeb8264c01d0c76,,formal__team_original_scratch__seed43/validation_epoch11.csv.gz,e642bd71bd63136c9fcaeed4533feccbbf6e6e5b00a8dfa525f44effa1a724f6,0.24887672774601508,0.32869591030471546,-0.01349108811571095,0.1991377429616107,0.1721897279054489,0.18484797704229677,0.9136536725781191,0.6072731847486807,1.0431920189853572
formal__team_original_scratch__seed44,team_original_scratch,44,11,0.23931341473451315,0.2394209522458442,1310,194265,139440,12,2544,21684.74432336539,48307702,5886488,10000,29219509,73ae9dec50713805c878b5e4efeb8264c01d0c76,,formal__team_original_scratch__seed44/validation_epoch11.csv.gz,22a4febf2b2d023ee643d5d303de2fc17084be141dce0aee747299789b94d791,0.24781971247067747,0.3267155588364663,-0.011215722880635538,0.18811692061767812,0.1708382393386483,0.18336003525628244,0.9149110044356397,0.6107174076717137,1.0377843827666107
