run_id,epoch,updates,train_loss_rank0,validation_selection,lr,elapsed_seconds,global_batch,planned_samples,actual_samples,dropped_for_equal_update_budget
formal__eqt_pretrained_frozen__seed42,1,212,1.4212490637909692,0.2725480887483287,0.0009829629131445,3163.703758738935,128,27252,27136,116
formal__eqt_pretrained_frozen__seed42,2,424,1.1526566204035058,0.2669479207914828,0.0009330127018922,3128.657404180616,128,27252,27136,116
formal__eqt_pretrained_frozen__seed42,3,636,1.0605280452741768,0.2619457699138068,0.0008535533905932,3219.6368265636265,128,27252,27136,116
formal__eqt_pretrained_frozen__seed42,4,848,1.01758751751117,0.2555549553518161,0.00075,3203.468906287104,128,27252,27136,116
formal__eqt_pretrained_frozen__seed42,5,1060,0.9912617726708358,0.2506931984198082,0.0006294095225512,3170.329907529056,128,27252,27136,116
formal__eqt_pretrained_frozen__seed42,6,1272,0.9360841667314744,0.2467120639565764,0.0005,3210.9966504462063,128,27252,27136,116
formal__eqt_pretrained_frozen__seed42,7,1484,0.8863525728009781,0.2407458738811084,0.0003705904774487,3214.6951809860766,128,27252,27136,116
formal__eqt_pretrained_frozen__seed42,8,1696,0.866954081322787,0.2409408064697863,0.00025,3231.1039300970733,128,27252,27136,116
formal__eqt_pretrained_frozen__seed42,9,1908,0.834980455771932,0.2413034785272343,0.0001464466094067,3262.689374446869,128,27252,27136,116
formal__eqt_pretrained_frozen__seed42,10,2120,0.8266759068476703,0.2364072702577118,6.698729810778078e-05,3220.2803901284933,128,27252,27136,116
formal__eqt_pretrained_frozen__seed42,11,2332,0.800506240494971,0.2369285674542367,1.7037086855465955e-05,3168.406012888998,128,27252,27136,116
formal__eqt_pretrained_frozen__seed42,12,2544,0.7864054882863782,0.2368711946128733,0.0,3181.727090585977,128,27252,27136,116
formal__eqt_pretrained_frozen__seed43,1,212,1.421163168999384,0.2740392778357726,0.0009829629131445,3150.8611209988594,128,27252,27136,116
formal__eqt_pretrained_frozen__seed43,2,424,1.168209318563623,0.2640447283036067,0.0009330127018922,3197.359881676733,128,27252,27136,116
formal__eqt_pretrained_frozen__seed43,3,636,1.0646639497212644,0.2596178570260825,0.0008535533905932,3261.1835696287453,128,27252,27136,116
formal__eqt_pretrained_frozen__seed43,4,848,1.0221434207457416,0.2560795147039267,0.00075,3246.285917170346,128,27252,27136,116
formal__eqt_pretrained_frozen__seed43,5,1060,0.989163227801053,0.2472586266730184,0.0006294095225512,3253.4986888356507,128,27252,27136,116
formal__eqt_pretrained_frozen__seed43,6,1272,0.9411303634351156,0.2497589381752588,0.0005,3241.2711959332228,128,27252,27136,116
formal__eqt_pretrained_frozen__seed43,7,1484,0.893123854865443,0.2412317013184946,0.0003705904774487,3226.978457823396,128,27252,27136,116
formal__eqt_pretrained_frozen__seed43,8,1696,0.8654635542968534,0.2408857948050135,0.00025,3250.092569943517,128,27252,27136,116
formal__eqt_pretrained_frozen__seed43,9,1908,0.8452193897287801,0.2400734096923775,0.0001464466094067,3216.009522341192,128,27252,27136,116
formal__eqt_pretrained_frozen__seed43,10,2120,0.8392672571090033,0.2356303793330343,6.698729810778078e-05,3179.8741083927453,128,27252,27136,116
formal__eqt_pretrained_frozen__seed43,11,2332,0.7988528929791361,0.2362845703086784,1.7037086855465955e-05,3179.7216936908662,128,27252,27136,116
formal__eqt_pretrained_frozen__seed43,12,2544,0.788501927734546,0.2365614040117991,0.0,3188.2109332084656,128,27252,27136,116
formal__eqt_pretrained_frozen__seed44,1,212,1.410766304663892,0.2738470954024284,0.0009829629131445,3147.259301904589,128,27252,27136,116
formal__eqt_pretrained_frozen__seed44,2,424,1.1434201457590427,0.2675081515257519,0.0009330127018922,3198.582913123071,128,27252,27136,116
formal__eqt_pretrained_frozen__seed44,3,636,1.054125226331207,0.2586643160983785,0.0008535533905932,3262.8654729425907,128,27252,27136,116
formal__eqt_pretrained_frozen__seed44,4,848,1.0082874255922605,0.2604266758039104,0.00075,3263.965622469783,128,27252,27136,116
formal__eqt_pretrained_frozen__seed44,5,1060,0.9681042442625424,0.2467900753022522,0.0006294095225512,3235.816570661962,128,27252,27136,116
formal__eqt_pretrained_frozen__seed44,6,1272,0.921389711634168,0.2479190870748739,0.0005,3244.1350988447666,128,27252,27136,116
formal__eqt_pretrained_frozen__seed44,7,1484,0.8738779176799756,0.241466205941838,0.0003705904774487,3224.6323357485235,128,27252,27136,116
formal__eqt_pretrained_frozen__seed44,8,1696,0.8576994808215015,0.2384308695471024,0.00025,3247.932737942785,128,27252,27136,116
formal__eqt_pretrained_frozen__seed44,9,1908,0.8201690581890771,0.23914770048124,0.0001464466094067,3207.38058090955,128,27252,27136,116
formal__eqt_pretrained_frozen__seed44,10,2120,0.8194854461921836,0.2338512417442104,6.698729810778078e-05,3189.5393883772194,128,27252,27136,116
formal__eqt_pretrained_frozen__seed44,11,2332,0.7816564813256264,0.2345025748141438,1.7037086855465955e-05,3176.3208395279944,128,27252,27136,116
formal__eqt_pretrained_frozen__seed44,12,2544,0.7698030140040055,0.2343054943914916,0.0,3179.292822163552,128,27252,27136,116
formal__phasenet_pretrained_frozen__seed42,1,212,1.3854746540200036,0.2691620298904006,0.0009829629131445,1800.9982284978032,128,27252,27136,116
formal__phasenet_pretrained_frozen__seed42,2,424,1.0950343909690965,0.2514498566786096,0.0009330127018922,1756.473167706281,128,27252,27136,116
formal__phasenet_pretrained_frozen__seed42,3,636,0.9755555565627116,0.2478748847626878,0.0008535533905932,1771.0506634637711,128,27252,27136,116
formal__phasenet_pretrained_frozen__seed42,4,848,0.9294633318511945,0.2469753474530153,0.00075,1834.2820096574724,128,27252,27136,116
formal__phasenet_pretrained_frozen__seed42,5,1060,0.8946448076727256,0.2361058107064059,0.0006294095225512,1810.63647313416,128,27252,27136,116
formal__phasenet_pretrained_frozen__seed42,6,1272,0.8557345138968162,0.2337069132877284,0.0005,1856.6343152821064,128,27252,27136,116
formal__phasenet_pretrained_frozen__seed42,7,1484,0.7917761116657617,0.230886434389013,0.0003705904774487,1829.0633088052275,128,27252,27136,116
formal__phasenet_pretrained_frozen__seed42,8,1696,0.7799454102257513,0.2277185192883504,0.00025,1790.5151450820267,128,27252,27136,116
formal__phasenet_pretrained_frozen__seed42,9,1908,0.7395844629983295,0.2275938187581325,0.0001464466094067,1831.63804641366,128,27252,27136,116
formal__phasenet_pretrained_frozen__seed42,10,2120,0.736225926088837,0.2260557524996714,6.698729810778078e-05,1797.0410964600742,128,27252,27136,116
formal__phasenet_pretrained_frozen__seed42,11,2332,0.7055899137103895,0.2260496280321231,1.7037086855465955e-05,1826.2732781767843,128,27252,27136,116
formal__phasenet_pretrained_frozen__seed42,12,2544,0.6787576797717022,0.2256971054574258,0.0,1818.5908598713577,128,27252,27136,116
formal__phasenet_pretrained_frozen__seed43,1,212,1.390651340473373,0.2714396930349275,0.0009829629131445,1751.8856879658997,128,27252,27136,116
formal__phasenet_pretrained_frozen__seed43,2,424,1.1067138989016694,0.2588678664279542,0.0009330127018922,1740.1684757359326,128,27252,27136,116
formal__phasenet_pretrained_frozen__seed43,3,636,0.9899407844498472,0.2457891649269495,0.0008535533905932,1758.0053103156388,128,27252,27136,116
formal__phasenet_pretrained_frozen__seed43,4,848,0.927825005689882,0.2446444480916415,0.00075,1748.7851051725447,128,27252,27136,116
formal__phasenet_pretrained_frozen__seed43,5,1060,0.8969333933771781,0.2374977530116951,0.0006294095225512,1752.2043737843633,128,27252,27136,116
formal__phasenet_pretrained_frozen__seed43,6,1272,0.8571631632885843,0.2336994779216742,0.0005,1748.24045407027,128,27252,27136,116
formal__phasenet_pretrained_frozen__seed43,7,1484,0.799574907939389,0.2296099884425241,0.0003705904774487,1750.3990609496832,128,27252,27136,116
formal__phasenet_pretrained_frozen__seed43,8,1696,0.7924358654978141,0.2296217772690585,0.00025,1745.7450685724616,128,27252,27136,116
formal__phasenet_pretrained_frozen__seed43,9,1908,0.7475451159308542,0.2273280203381557,0.0001464466094067,1745.5624879598618,128,27252,27136,116
formal__phasenet_pretrained_frozen__seed43,10,2120,0.7545696955244496,0.2258084501386012,6.698729810778078e-05,1750.3806993551552,128,27252,27136,116
formal__phasenet_pretrained_frozen__seed43,11,2332,0.7260541378186559,0.2260482858916263,1.7037086855465955e-05,1757.1177946589887,128,27252,27136,116
formal__phasenet_pretrained_frozen__seed43,12,2544,0.6976989420517435,0.2259430367118737,0.0,1747.6048804484308,128,27252,27136,116
formal__phasenet_pretrained_frozen__seed44,1,212,1.3777246874458384,0.2723775356659067,0.0009829629131445,1742.4266652166843,128,27252,27136,116
formal__phasenet_pretrained_frozen__seed44,2,424,1.0989953847426288,0.2519242437093031,0.0009330127018922,1732.2293691784143,128,27252,27136,116
formal__phasenet_pretrained_frozen__seed44,3,636,0.9794076976348768,0.2459096955366832,0.0008535533905932,1753.7154844775796,128,27252,27136,116
formal__phasenet_pretrained_frozen__seed44,4,848,0.9197073568994144,0.2472683786324053,0.00075,1747.569521509111,128,27252,27136,116
formal__phasenet_pretrained_frozen__seed44,5,1060,0.894815336561428,0.2344095969207441,0.0006294095225512,1750.52451563254,128,27252,27136,116
formal__phasenet_pretrained_frozen__seed44,6,1272,0.8442527062769206,0.2344379474676982,0.0005,1745.52123535797,128,27252,27136,116
formal__phasenet_pretrained_frozen__seed44,7,1484,0.8028193425457433,0.230918528000577,0.0003705904774487,1746.5371223129332,128,27252,27136,116
formal__phasenet_pretrained_frozen__seed44,8,1696,0.7744644614604285,0.2293087556725515,0.00025,1750.6651195026934,128,27252,27136,116
formal__phasenet_pretrained_frozen__seed44,9,1908,0.7368881107430976,0.2277734024650859,0.0001464466094067,1745.9347598180177,128,27252,27136,116
formal__phasenet_pretrained_frozen__seed44,10,2120,0.7265084835718263,0.2264000070332623,6.698729810778078e-05,1742.5089305713773,128,27252,27136,116
formal__phasenet_pretrained_frozen__seed44,11,2332,0.7038067423228948,0.2260784972297507,1.7037086855465955e-05,1746.9604210928082,128,27252,27136,116
formal__phasenet_pretrained_frozen__seed44,12,2544,0.6792677541105252,0.2259474995260833,0.0,1746.8739176727831,128,27252,27136,116
formal__team_original_scratch__seed42,1,212,1.4257864164856244,0.2775919299058648,0.0009829629131445,1865.7659129612148,128,27252,27136,116
formal__team_original_scratch__seed42,2,424,1.135264000240362,0.2696253012329896,0.0009330127018922,1816.570592597127,128,27252,27136,116
formal__team_original_scratch__seed42,3,636,1.0269020613072053,0.2622709372236733,0.0008535533905932,1844.01747982204,128,27252,27136,116
formal__team_original_scratch__seed42,4,848,0.9874700066053642,0.2638470109009835,0.00075,1895.518774814904,128,27252,27136,116
formal__team_original_scratch__seed42,5,1060,0.9534123289697576,0.2540362055409496,0.0006294095225512,1915.4315860010684,128,27252,27136,116
formal__team_original_scratch__seed42,6,1272,0.9107109887420006,0.2525472388247866,0.0005,1859.292075268924,128,27252,27136,116
formal__team_original_scratch__seed42,7,1484,0.8828820229138968,0.2484822399982728,0.0003705904774487,1900.941574640572,128,27252,27136,116
formal__team_original_scratch__seed42,8,1696,0.8712921003406903,0.2512538339495803,0.00025,1930.4665230326357,128,27252,27136,116
formal__team_original_scratch__seed42,9,1908,0.8367326776936369,0.246045916077635,0.0001464466094067,1864.6197547242043,128,27252,27136,116
formal__team_original_scratch__seed42,10,2120,0.8530844151973724,0.2455783055312219,6.698729810778078e-05,1902.3015436939893,128,27252,27136,116
formal__team_original_scratch__seed42,11,2332,0.8008950659126606,0.2451587311017373,1.7037086855465955e-05,1916.9316440559924,128,27252,27136,116
formal__team_original_scratch__seed42,12,2544,0.797982597266728,0.2453311432731864,0.0,1854.980036389083,128,27252,27136,116
formal__team_original_scratch__seed43,1,212,1.428154947622767,0.2796570248407367,0.0009829629131445,1819.5205917060373,128,27252,27136,116
formal__team_original_scratch__seed43,2,424,1.1375576280198008,0.2695884693521492,0.0009330127018922,1805.9104874283075,128,27252,27136,116
formal__team_original_scratch__seed43,3,636,1.0398979004261628,0.2645037476741157,0.0008535533905932,1826.039564974606,128,27252,27136,116
formal__team_original_scratch__seed43,4,848,0.9827778963547832,0.2639563109968266,0.00075,1823.3235140889883,128,27252,27136,116
formal__team_original_scratch__seed43,5,1060,0.9614436232818748,0.2534071715230973,0.0006294095225512,1820.3701398931444,128,27252,27136,116
formal__team_original_scratch__seed43,6,1272,0.9173216929413238,0.2533083250002562,0.0005,1819.8554349392653,128,27252,27136,116
formal__team_original_scratch__seed43,7,1484,0.8822502651304569,0.2476014992645579,0.0003705904774487,1822.1375693827868,128,27252,27136,116
formal__team_original_scratch__seed43,8,1696,0.8611030488644006,0.2453711774943327,0.00025,1826.2191819511356,128,27252,27136,116
formal__team_original_scratch__seed43,9,1908,0.815677044386009,0.2433621135291021,0.0001464466094067,1822.783122383058,128,27252,27136,116
formal__team_original_scratch__seed43,10,2120,0.8236640996809276,0.2415029109517812,6.698729810778078e-05,1825.0565210655327,128,27252,27136,116
formal__team_original_scratch__seed43,11,2332,0.7770148660495596,0.2409796124842436,1.7037086855465955e-05,1828.3332964405415,128,27252,27136,116
formal__team_original_scratch__seed43,12,2544,0.7797322782143107,0.2410247121686852,0.0,1823.6810302436352,128,27252,27136,116
formal__team_original_scratch__seed44,1,212,1.4336423716455136,0.2850438156680999,0.0009829629131445,1801.679188735783,128,27252,27136,116
formal__team_original_scratch__seed44,2,424,1.144504207485127,0.2753482334860713,0.0009330127018922,1793.204169794917,128,27252,27136,116
formal__team_original_scratch__seed44,3,636,1.049439639134227,0.2615043406025975,0.0008535533905932,1813.9361795671284,128,27252,27136,116
formal__team_original_scratch__seed44,4,848,0.9842401301523424,0.2628820909565582,0.00075,1808.5329923033717,128,27252,27136,116
formal__team_original_scratch__seed44,5,1060,0.9488332933693562,0.2539307431291827,0.0006294095225512,1807.6007036305964,128,27252,27136,116
formal__team_original_scratch__seed44,6,1272,0.8987022461193912,0.2502412847118251,0.0005,1805.528816763312,128,27252,27136,116
formal__team_original_scratch__seed44,7,1484,0.8563274533118842,0.2465783677322525,0.0003705904774487,1805.207601767033,128,27252,27136,116
formal__team_original_scratch__seed44,8,1696,0.8298403369087093,0.2437133094298546,0.00025,1811.215068615973,128,27252,27136,116
formal__team_original_scratch__seed44,9,1908,0.7920851385537183,0.2415926923296955,0.0001464466094067,1809.1039699874816,128,27252,27136,116
formal__team_original_scratch__seed44,10,2120,0.7903185093177939,0.2395532818240144,6.698729810778078e-05,1813.6647062450647,128,27252,27136,116
formal__team_original_scratch__seed44,11,2332,0.7441503350745957,0.2393134147345131,1.7037086855465955e-05,1808.9701722972093,128,27252,27136,116
formal__team_original_scratch__seed44,12,2544,0.7349531115647757,0.2394209522458442,0.0,1806.10075365752,128,27252,27136,116
