run_id,bin_index,lower_seconds,upper_seconds,samples,fraction,boundaries
formal__eqt_pretrained_frozen__seed42,0,1,3,70151,0.21543030169025157,"left inclusive, right exclusive; 90 included in final bin"
formal__eqt_pretrained_frozen__seed42,1,3,5,69886,0.21461649960691823,"left inclusive, right exclusive; 90 included in final bin"
formal__eqt_pretrained_frozen__seed42,2,5,10,70023,0.2150372199292453,"left inclusive, right exclusive; 90 included in final bin"
formal__eqt_pretrained_frozen__seed42,3,10,20,52315,0.16065681505503146,"left inclusive, right exclusive; 90 included in final bin"
formal__eqt_pretrained_frozen__seed42,4,20,40,52794,0.16212780070754718,"left inclusive, right exclusive; 90 included in final bin"
formal__eqt_pretrained_frozen__seed42,5,40,90,10463,0.03213136301100629,"left inclusive, right exclusive; 90 included in final bin"
formal__eqt_pretrained_frozen__seed43,0,1,3,70151,0.21543030169025157,"left inclusive, right exclusive; 90 included in final bin"
formal__eqt_pretrained_frozen__seed43,1,3,5,69886,0.21461649960691823,"left inclusive, right exclusive; 90 included in final bin"
formal__eqt_pretrained_frozen__seed43,2,5,10,70023,0.2150372199292453,"left inclusive, right exclusive; 90 included in final bin"
formal__eqt_pretrained_frozen__seed43,3,10,20,52315,0.16065681505503146,"left inclusive, right exclusive; 90 included in final bin"
formal__eqt_pretrained_frozen__seed43,4,20,40,52794,0.16212780070754718,"left inclusive, right exclusive; 90 included in final bin"
formal__eqt_pretrained_frozen__seed43,5,40,90,10463,0.03213136301100629,"left inclusive, right exclusive; 90 included in final bin"
formal__eqt_pretrained_frozen__seed44,0,1,3,70151,0.21543030169025157,"left inclusive, right exclusive; 90 included in final bin"
formal__eqt_pretrained_frozen__seed44,1,3,5,69886,0.21461649960691823,"left inclusive, right exclusive; 90 included in final bin"
formal__eqt_pretrained_frozen__seed44,2,5,10,70023,0.2150372199292453,"left inclusive, right exclusive; 90 included in final bin"
formal__eqt_pretrained_frozen__seed44,3,10,20,52315,0.16065681505503146,"left inclusive, right exclusive; 90 included in final bin"
formal__eqt_pretrained_frozen__seed44,4,20,40,52794,0.16212780070754718,"left inclusive, right exclusive; 90 included in final bin"
formal__eqt_pretrained_frozen__seed44,5,40,90,10463,0.03213136301100629,"left inclusive, right exclusive; 90 included in final bin"
formal__phasenet_pretrained_frozen__seed42,0,1,3,82877,0.25451122739779874,"left inclusive, right exclusive; 90 included in final bin"
formal__phasenet_pretrained_frozen__seed42,1,3,5,82549,0.25350395538522014,"left inclusive, right exclusive; 90 included in final bin"
formal__phasenet_pretrained_frozen__seed42,2,5,10,82628,0.2537465605345912,"left inclusive, right exclusive; 90 included in final bin"
formal__phasenet_pretrained_frozen__seed42,3,10,20,62029,0.19048803557389937,"left inclusive, right exclusive; 90 included in final bin"
formal__phasenet_pretrained_frozen__seed42,4,20,40,15549,0.047750221108490566,"left inclusive, right exclusive; 90 included in final bin"
formal__phasenet_pretrained_frozen__seed42,5,40,90,0,0.0,"left inclusive, right exclusive; 90 included in final bin"
formal__phasenet_pretrained_frozen__seed43,0,1,3,82877,0.25451122739779874,"left inclusive, right exclusive; 90 included in final bin"
formal__phasenet_pretrained_frozen__seed43,1,3,5,82549,0.25350395538522014,"left inclusive, right exclusive; 90 included in final bin"
formal__phasenet_pretrained_frozen__seed43,2,5,10,82628,0.2537465605345912,"left inclusive, right exclusive; 90 included in final bin"
formal__phasenet_pretrained_frozen__seed43,3,10,20,62029,0.19048803557389937,"left inclusive, right exclusive; 90 included in final bin"
formal__phasenet_pretrained_frozen__seed43,4,20,40,15549,0.047750221108490566,"left inclusive, right exclusive; 90 included in final bin"
formal__phasenet_pretrained_frozen__seed43,5,40,90,0,0.0,"left inclusive, right exclusive; 90 included in final bin"
formal__phasenet_pretrained_frozen__seed44,0,1,3,82877,0.25451122739779874,"left inclusive, right exclusive; 90 included in final bin"
formal__phasenet_pretrained_frozen__seed44,1,3,5,82549,0.25350395538522014,"left inclusive, right exclusive; 90 included in final bin"
formal__phasenet_pretrained_frozen__seed44,2,5,10,82628,0.2537465605345912,"left inclusive, right exclusive; 90 included in final bin"
formal__phasenet_pretrained_frozen__seed44,3,10,20,62029,0.19048803557389937,"left inclusive, right exclusive; 90 included in final bin"
formal__phasenet_pretrained_frozen__seed44,4,20,40,15549,0.047750221108490566,"left inclusive, right exclusive; 90 included in final bin"
formal__phasenet_pretrained_frozen__seed44,5,40,90,0,0.0,"left inclusive, right exclusive; 90 included in final bin"
formal__team_original_scratch__seed42,0,1,3,65192,0.20020145440251572,"left inclusive, right exclusive; 90 included in final bin"
formal__team_original_scratch__seed42,1,3,5,64971,0.1995227741745283,"left inclusive, right exclusive; 90 included in final bin"
formal__team_original_scratch__seed42,2,5,10,65257,0.20040106623427673,"left inclusive, right exclusive; 90 included in final bin"
formal__team_original_scratch__seed42,3,10,20,48689,0.14952154579402516,"left inclusive, right exclusive; 90 included in final bin"
formal__team_original_scratch__seed42,4,20,40,48828,0.1499484080188679,"left inclusive, right exclusive; 90 included in final bin"
formal__team_original_scratch__seed42,5,40,90,32695,0.10040475137578617,"left inclusive, right exclusive; 90 included in final bin"
formal__team_original_scratch__seed43,0,1,3,65192,0.20020145440251572,"left inclusive, right exclusive; 90 included in final bin"
formal__team_original_scratch__seed43,1,3,5,64971,0.1995227741745283,"left inclusive, right exclusive; 90 included in final bin"
formal__team_original_scratch__seed43,2,5,10,65257,0.20040106623427673,"left inclusive, right exclusive; 90 included in final bin"
formal__team_original_scratch__seed43,3,10,20,48689,0.14952154579402516,"left inclusive, right exclusive; 90 included in final bin"
formal__team_original_scratch__seed43,4,20,40,48828,0.1499484080188679,"left inclusive, right exclusive; 90 included in final bin"
formal__team_original_scratch__seed43,5,40,90,32695,0.10040475137578617,"left inclusive, right exclusive; 90 included in final bin"
formal__team_original_scratch__seed44,0,1,3,65192,0.20020145440251572,"left inclusive, right exclusive; 90 included in final bin"
formal__team_original_scratch__seed44,1,3,5,64971,0.1995227741745283,"left inclusive, right exclusive; 90 included in final bin"
formal__team_original_scratch__seed44,2,5,10,65257,0.20040106623427673,"left inclusive, right exclusive; 90 included in final bin"
formal__team_original_scratch__seed44,3,10,20,48689,0.14952154579402516,"left inclusive, right exclusive; 90 included in final bin"
formal__team_original_scratch__seed44,4,20,40,48828,0.1499484080188679,"left inclusive, right exclusive; 90 included in final bin"
formal__team_original_scratch__seed44,5,40,90,32695,0.10040475137578617,"left inclusive, right exclusive; 90 included in final bin"
