year,event_id,knet_station,knet_height_m,hinet_station,match_distance_km,available_components,vertical_available,three_components_available
2004,20041228183000,GNMH13,556.0,N.MN2H,0.0,,0,0
2004,20041228183000,GNMH13,760.0,N.MN2H,0.0,,0,0
2004,20041228183000,TCGH17,635.0,N.FJ2H,0.0,,0,0
2004,20041225102300,GNMH13,760.0,N.MN2H,0.0,,0,0
2004,20041225102300,TCGH17,531.2,N.FJ2H,0.0,,0,0
2004,20041225102300,TCGH17,635.0,N.FJ2H,0.0,,0,0
2004,20041223210300,GNMH13,556.0,N.MN2H,0.0,,0,0
2004,20041223210300,GNMH13,760.0,N.MN2H,0.0,,0,0
2004,20041223210300,TCGH17,531.2,N.FJ2H,0.0,,0,0
2004,20041223210300,TCGH17,635.0,N.FJ2H,0.0,,0,0
2004,20041214055500,GNMH13,760.0,N.MN2H,0.0,,0,0
2004,20041110034300,TCGH17,531.2,N.FJ2H,0.0,,0,0
2004,20041110034300,TCGH17,635.0,N.FJ2H,0.0,,0,0
2004,20041109014800,YMNH15,409.5,N.KKKH,0.0,,0,0
2004,20041109014800,YMNH15,525.0,N.KKKH,0.0,,0,0
2004,20041109000700,SZOH21,-139.0,N.MRIH,0.0182482018928551,,0,0
2004,20041108114900,TCGH17,635.0,N.FJ2H,0.0,,0,0
2004,20041108114300,TCGH17,531.2,N.FJ2H,0.0,,0,0
2004,20041108114300,TCGH17,635.0,N.FJ2H,0.0,,0,0
2004,20041108113200,TCGH17,635.0,N.FJ2H,0.0,,0,0
2004,20041108112700,TCGH17,531.2,N.FJ2H,0.0,,0,0
2004,20041108112700,TCGH17,635.0,N.FJ2H,0.0,,0,0
2004,20041108111600,TCGH17,531.2,N.FJ2H,0.0,,0,0
2004,20041108111600,TCGH17,635.0,N.FJ2H,0.0,,0,0
2004,20041106220500,TCGH17,531.2,N.FJ2H,0.0,,0,0
2004,20041106220500,TCGH17,635.0,N.FJ2H,0.0,,0,0
2004,20041106151600,TCGH17,531.2,N.FJ2H,0.0,,0,0
2004,20041106151600,TCGH17,635.0,N.FJ2H,0.0,,0,0
2004,20041106102500,SITH10,180.0,N.TO2H,0.0618018530656333,,0,0
2004,20041106102500,TCGH17,635.0,N.FJ2H,0.0,,0,0
2004,20041104085700,TCGH17,531.2,N.FJ2H,0.0,,0,0
2004,20041104085700,TCGH17,635.0,N.FJ2H,0.0,,0,0
2004,20041101043500,TCGH17,531.2,N.FJ2H,0.0,,0,0
2004,20041031022200,YMNH15,409.5,N.KKKH,0.0,,0,0
2004,20041028045200,TCGH17,635.0,N.FJ2H,0.0,,0,0
2004,20041027145900,TCGH17,531.2,N.FJ2H,0.0,,0,0
2004,20041027145900,TCGH17,635.0,N.FJ2H,0.0,,0,0
2004,20041027120500,TCGH17,635.0,N.FJ2H,0.0,,0,0
2004,20041027105600,TCGH17,635.0,N.FJ2H,0.0,,0,0
2004,20041027104000,TCGH17,531.2,N.FJ2H,0.0,,0,0
2004,20041027104000,TCGH17,635.0,N.FJ2H,0.0,,0,0
2004,20041027103500,TCGH17,635.0,N.FJ2H,0.0,,0,0
2004,20041027102600,TCGH17,635.0,N.FJ2H,0.0,,0,0
2004,20041027005600,TCGH17,635.0,N.FJ2H,0.0,,0,0
2004,20041025063200,TCGH17,531.2,N.FJ2H,0.0,,0,0
2004,20041025063200,TCGH17,635.0,N.FJ2H,0.0,,0,0
2004,20041025060700,TCGH17,531.2,N.FJ2H,0.0,,0,0
2004,20041025060500,TCGH17,531.2,N.FJ2H,0.0,,0,0
2004,20041025060500,TCGH17,635.0,N.FJ2H,0.0,,0,0
2004,20041025012700,TCGH17,635.0,N.FJ2H,0.0,,0,0
2004,20041025002800,TCGH17,531.2,N.FJ2H,0.0,,0,0
2004,20041025002800,TCGH17,635.0,N.FJ2H,0.0,,0,0
2004,20041024230000,TCGH17,635.0,N.FJ2H,0.0,,0,0
2004,20041024092800,TCGH17,635.0,N.FJ2H,0.0,,0,0
2004,20041024071600,TCGH17,531.2,N.FJ2H,0.0,,0,0
2004,20041024071600,TCGH17,635.0,N.FJ2H,0.0,,0,0
2004,20041024070800,TCGH17,635.0,N.FJ2H,0.0,,0,0
2004,20041024005300,TCGH17,635.0,N.FJ2H,0.0,,0,0
2004,20041023233400,TCGH17,531.2,N.FJ2H,0.0,,0,0
2004,20041023233400,TCGH17,635.0,N.FJ2H,0.0,,0,0
2004,20041023223500,TCGH17,635.0,N.FJ2H,0.0,,0,0
2004,20041023222600,TCGH17,531.2,N.FJ2H,0.0,,0,0
2004,20041023222600,TCGH17,635.0,N.FJ2H,0.0,,0,0
2004,20041023214400,TCGH17,531.2,N.FJ2H,0.0,,0,0
2004,20041023202000,TCGH17,531.2,N.FJ2H,0.0,,0,0
2004,20041023202000,TCGH17,635.0,N.FJ2H,0.0,,0,0
2004,20041023193600,TCGH17,635.0,N.FJ2H,0.0,,0,0
2004,20041023190700,TCGH17,531.2,N.FJ2H,0.0,,0,0
2004,20041023190700,TCGH17,635.0,N.FJ2H,0.0,,0,0
2004,20041023190300,TCGH17,531.2,N.FJ2H,0.0,,0,0
2004,20041023190300,TCGH17,635.0,N.FJ2H,0.0,,0,0
2004,20041023185700,TCGH17,531.2,N.FJ2H,0.0,,0,0
2004,20041023185700,TCGH17,635.0,N.FJ2H,0.0,,0,0
2004,20041023185400,TCGH17,635.0,N.FJ2H,0.0,,0,0
2004,20041023184200,TCGH17,531.2,N.FJ2H,0.0,,0,0
2004,20041023184200,TCGH17,635.0,N.FJ2H,0.0,,0,0
2004,20041023183700,TCGH17,635.0,N.FJ2H,0.0,,0,0
2004,20041023183600,TCGH17,531.2,N.FJ2H,0.0,,0,0
2004,20041023183600,TCGH17,635.0,N.FJ2H,0.0,,0,0
2004,20041023183400,CHB027,98.0,N.KTUH,0.0345743762143215,,0,0
2004,20041023183400,TCGH17,531.2,N.FJ2H,0.0,,0,0
2004,20041023183400,TCGH17,635.0,N.FJ2H,0.0,,0,0
2004,20041023180700,TCGH17,531.2,N.FJ2H,0.0,,0,0
2004,20041023180700,TCGH17,635.0,N.FJ2H,0.0,,0,0
2004,20041023180300,TCGH17,635.0,N.FJ2H,0.0,,0,0
2004,20041023175600,TCGH17,531.2,N.FJ2H,0.0,,0,0
2004,20041023175600,TCGH17,635.0,N.FJ2H,0.0,,0,0
2004,20041007220100,TCGH17,635.0,N.FJ2H,0.0,,0,0
2004,20041006234000,CHB025,74.0,N.CKRH,0.0240332655417541,U;X;Y,1,0
2004,20041006234000,SITH10,78.5,N.TO2H,0.0618018530656333,,0,0
2004,20041006234000,SITH10,180.0,N.TO2H,0.0618018530656333,,0,0
2004,20040907082900,YMNH15,525.0,N.KKKH,0.0,,0,0
2004,20040905190700,SZOH21,58.0,N.MRIH,0.0182482018928551,,0,0
2004,20040905190700,YMNH15,525.0,N.KKKH,0.0,,0,0
2004,20040825014900,SITH10,78.5,N.TO2H,0.0618018530656333,,0,0
2004,20040825014900,SITH10,180.0,N.TO2H,0.0618018530656333,,0,0
2004,20040806032300,CHB025,74.0,N.CKRH,0.0240332655417541,U;X;Y,1,0
2004,20040806032300,CHB027,98.0,N.KTUH,0.0345743762143215,,0,0
2004,20040806032300,SITH10,78.5,N.TO2H,0.0618018530656333,,0,0
2004,20040806032300,SITH10,180.0,N.TO2H,0.0618018530656333,,0,0
2004,20040717151000,CHB025,74.0,N.CKRH,0.0240332655417541,U;X;Y,1,0
2004,20040717151000,CHB027,98.0,N.KTUH,0.0345743762143215,,0,0
2004,20040717151000,YMNH15,409.5,N.KKKH,0.0,,0,0
2004,20040710200700,SITH10,180.0,N.TO2H,0.0618018530656333,,0,0
2004,20040710200700,TCGH17,531.2,N.FJ2H,0.0,,0,0
2004,20040710200700,TCGH17,635.0,N.FJ2H,0.0,,0,0
2004,20040407224700,CHB025,74.0,N.CKRH,0.0240332655417541,U;X;Y,1,0
2004,20040407224700,CHB027,98.0,N.KTUH,0.0345743762143215,,0,0
2004,20040405023900,SITH10,78.5,N.TO2H,0.0618018530656333,,0,0
2004,20040405023900,SITH10,180.0,N.TO2H,0.0618018530656333,,0,0
2004,20041023181200,TCGH17,531.2,N.FJ2H,0.0,,0,0
2004,20041023181200,TCGH17,635.0,N.FJ2H,0.0,,0,0
2005,20051228184600,SITH10,78.5,N.TO2H,0.0618018530656333,,0,0
2005,20051228184600,SITH10,180.0,N.TO2H,0.0618018530656333,,0,0
2005,20051224110200,SZOH21,-139.0,N.MRIH,0.0182482018928551,,0,0
2005,20051224110200,SZOH21,58.0,N.MRIH,0.0182482018928551,,0,0
2005,20051217033200,SITH10,180.0,N.TO2H,0.0618018530656333,,0,0
2005,20051202215400,SITH10,78.5,N.TO2H,0.0618018530656333,,0,0
2005,20051031023200,SITH10,78.5,N.TO2H,0.0618018530656333,,0,0
2005,20051031023200,SITH10,180.0,N.TO2H,0.0618018530656333,,0,0
2005,20050907132300,SITH10,78.5,N.TO2H,0.0618018530656333,,0,0
2005,20050817093000,SITH10,78.5,N.TO2H,0.0618018530656333,,0,0
2005,20050817093000,SITH10,180.0,N.TO2H,0.0618018530656333,,0,0
2005,20050807010500,CHB025,74.0,N.CKRH,0.0240332655417541,U;X;Y,1,0
2005,20050807010500,CHB027,98.0,N.KTUH,0.0345743762143215,,0,0
2005,20050807010500,SZO028,9.0,N.ITOH,0.011119492663861,,0,0
2005,20050807010500,SITH10,78.5,N.TO2H,0.0618018530656333,,0,0
2005,20050807010500,SITH10,180.0,N.TO2H,0.0618018530656333,,0,0
2005,20050731145300,SZO021,441.0,N.HKWH,0.2183667907949751,,0,0
2005,20050731145300,SITH10,78.5,N.TO2H,0.0618018530656333,,0,0
2005,20050731145300,SITH10,180.0,N.TO2H,0.0618018530656333,,0,0
2005,20050728191500,SITH10,78.5,N.TO2H,0.0618018530656333,,0,0
2005,20050724181200,CHB027,98.0,N.KTUH,0.0345743762143215,,0,0
2005,20050723163700,SZO028,9.0,N.ITOH,0.011119492663861,,0,0
2005,20050723163500,CHB025,74.0,N.CKRH,0.0240332655417541,U;X;Y,1,0
2005,20050723163500,CHB027,98.0,N.KTUH,0.0345743762143215,,0,0
2005,20050723163500,SZO028,9.0,N.ITOH,0.011119492663861,,0,0
2005,20050620011500,CHB027,98.0,N.KTUH,0.0345743762143215,,0,0
2005,20050609092800,SITH10,78.5,N.TO2H,0.0618018530656333,,0,0
2005,20050516071000,CHB027,98.0,N.KTUH,0.0345743762143215,,0,0
2005,20050515155500,SITH10,78.5,N.TO2H,0.0618018530656333,,0,0
2005,20050515155500,SITH10,180.0,N.TO2H,0.0618018530656333,,0,0
2005,20050514001400,SITH10,78.5,N.TO2H,0.0618018530656333,,0,0
2005,20050514001400,SITH10,180.0,N.TO2H,0.0618018530656333,,0,0
2005,20050511105100,SZO021,441.0,N.HKWH,0.2183667907949751,,0,0
2005,20050508150400,SITH10,78.5,N.TO2H,0.0618018530656333,,0,0
2005,20050508150400,SITH10,180.0,N.TO2H,0.0618018530656333,,0,0
2005,20050417200900,CHB025,74.0,N.CKRH,0.0240332655417541,U;X;Y,1,0
2005,20050417200900,SZO028,9.0,N.ITOH,0.011119492663861,,0,0
2005,20050411153500,SZO028,9.0,N.ITOH,0.011119492663861,,0,0
2005,20050411153500,SITH10,78.5,N.TO2H,0.0618018530656333,,0,0
2005,20050411153500,SITH10,180.0,N.TO2H,0.0618018530656333,,0,0
2005,20050411072200,CHB025,74.0,N.CKRH,0.0240332655417541,U;X;Y,1,0
2005,20050411072200,CHB027,98.0,N.KTUH,0.0345743762143215,,0,0
2005,20050314125800,GNMH13,760.0,N.MN2H,0.0,,0,0
2005,20050312122000,SITH10,78.5,N.TO2H,0.0618018530656333,,0,0
2005,20050312122000,SITH10,180.0,N.TO2H,0.0618018530656333,,0,0
2005,20050223215900,GNMH12,828.3,N.KNAH,0.0,,0,0
2005,20050223215900,GNMH12,930.0,N.KNAH,0.0,,0,0
2005,20050223215900,GNMH13,556.0,N.MN2H,0.0,,0,0
2005,20050223215900,GNMH13,760.0,N.MN2H,0.0,,0,0
2005,20050223215900,SITH10,78.5,N.TO2H,0.0618018530656333,,0,0
2005,20050223215900,SITH10,180.0,N.TO2H,0.0618018530656333,,0,0
2005,20050223215900,TCGH17,531.2,N.FJ2H,0.0,,0,0
2005,20050223215900,TCGH17,635.0,N.FJ2H,0.0,,0,0
2005,20050216044600,GNMH12,828.3,N.KNAH,0.0,,0,0
2005,20050216044600,GNMH12,930.0,N.KNAH,0.0,,0,0
2005,20050216044600,SITH10,78.5,N.TO2H,0.0618018530656333,,0,0
2005,20050216044600,SITH10,180.0,N.TO2H,0.0618018530656333,,0,0
2005,20050216044600,TCGH17,531.2,N.FJ2H,0.0,,0,0
2005,20050216044600,TCGH17,635.0,N.FJ2H,0.0,,0,0
2005,20050208112900,SITH10,78.5,N.TO2H,0.0618018530656333,,0,0
2005,20050208112900,SITH10,180.0,N.TO2H,0.0618018530656333,,0,0
2005,20050208112900,TCGH17,531.2,N.FJ2H,0.0,,0,0
2005,20050208112900,TCGH17,635.0,N.FJ2H,0.0,,0,0
2005,20050109201500,TCGH17,635.0,N.FJ2H,0.0,,0,0
2005,20050109185900,SZOH21,-139.0,N.MRIH,0.0182482018928551,,0,0
2005,20050107233800,GNMH12,828.3,N.KNAH,0.0,,0,0
2005,20050107233800,GNMH12,930.0,N.KNAH,0.0,,0,0
2005,20050102013000,SZO021,441.0,N.HKWH,0.2183667907949751,,0,0
2006,20061231083000,CHB025,74.0,N.CKRH,0.0240332655417541,U;X;Y,1,0
2006,20061231083000,CHBH19,1.0,N.HSNH,0.0,,0,0
2006,20061204060800,CHBH19,-1629.0,N.HSNH,0.0,,0,0
2006,20061204060800,CHBH19,1.0,N.HSNH,0.0,,0,0
2006,20061018075300,CHB025,74.0,N.CKRH,0.0240332655417541,U;X;Y,1,0
2006,20061018075300,SITH10,78.5,N.TO2H,0.0618018530656333,,0,0
2006,20061018075300,SITH10,180.0,N.TO2H,0.0618018530656333,,0,0
2006,20061014063800,CHB025,74.0,N.CKRH,0.0240332655417541,U;X;Y,1,0
2006,20060907105700,CHB025,74.0,N.CKRH,0.0240332655417541,U;X;Y,1,0
2006,20060831171800,CHB025,74.0,N.CKRH,0.0240332655417541,U;X;Y,1,0
2006,20060831171800,SITH10,78.5,N.TO2H,0.0618018530656333,,0,0
2006,20060831171800,SITH10,180.0,N.TO2H,0.0618018530656333,,0,0
2006,20060730021900,SITH10,78.5,N.TO2H,0.0618018530656333,,0,0
2006,20060730021900,SITH10,180.0,N.TO2H,0.0618018530656333,,0,0
2006,20060706151700,SITH10,78.5,N.TO2H,0.0618018530656333,,0,0
2006,20060706151700,SITH10,180.0,N.TO2H,0.0618018530656333,,0,0
2006,20060620064700,CHB025,74.0,N.CKRH,0.0240332655417541,U;X;Y,1,0
2006,20060620064700,SITH10,78.5,N.TO2H,0.0618018530656333,,0,0
2006,20060620064700,SITH10,180.0,N.TO2H,0.0618018530656333,,0,0
2006,20060510102300,SITH10,78.5,N.TO2H,0.0618018530656333,,0,0
2006,20060510102300,SITH10,180.0,N.TO2H,0.0618018530656333,,0,0
2006,20060502182600,CHB025,74.0,N.CKRH,0.0240332655417541,U;X;Y,1,0
2006,20060502182400,CHB025,74.0,N.CKRH,0.0240332655417541,U;X;Y,1,0
2006,20060501160000,SITH10,78.5,N.TO2H,0.0618018530656333,,0,0
2006,20060501160000,SITH10,180.0,N.TO2H,0.0618018530656333,,0,0
2006,20060421231700,CHB025,74.0,N.CKRH,0.0240332655417541,U;X;Y,1,0
2006,20060421032000,CHB025,74.0,N.CKRH,0.0240332655417541,U;X;Y,1,0
2006,20060421025000,CHB025,74.0,N.CKRH,0.0240332655417541,U;X;Y,1,0
2006,20060421025000,SITH10,78.5,N.TO2H,0.0618018530656333,,0,0
2006,20060421025000,SITH10,180.0,N.TO2H,0.0618018530656333,,0,0
2006,20060420124000,SITH10,78.5,N.TO2H,0.0618018530656333,,0,0
2006,20060420124000,SITH10,180.0,N.TO2H,0.0618018530656333,,0,0
2006,20060411174600,CHB025,74.0,N.CKRH,0.0240332655417541,U;X;Y,1,0
2006,20060402204600,SITH10,180.0,N.TO2H,0.0618018530656333,,0,0
2006,20060313124100,SITH10,78.5,N.TO2H,0.0618018530656333,,0,0
2006,20060313124100,SITH10,180.0,N.TO2H,0.0618018530656333,,0,0
2006,20060114153000,SITH10,78.5,N.TO2H,0.0618018530656333,,0,0
2006,20060114153000,SITH10,180.0,N.TO2H,0.0618018530656333,,0,0
2006,20060520135800,CHB025,74.0,N.CKRH,0.0240332655417541,U;X;Y,1,0
2007,20071202092400,SITH10,78.5,N.TO2H,0.0618018530656333,,0,0
2007,20071202092400,SITH10,180.0,N.TO2H,0.0618018530656333,,0,0
2007,20071111194900,SITH10,78.5,N.TO2H,0.0618018530656333,,0,0
2007,20071111194900,SITH10,180.0,N.TO2H,0.0618018530656333,,0,0
2007,20071017223300,SITH10,78.5,N.TO2H,0.0618018530656333,,0,0
2007,20071017223300,SITH10,180.0,N.TO2H,0.0618018530656333,,0,0
2007,20071010234300,SITH10,78.5,N.TO2H,0.0618018530656333,,0,0
2007,20071010234300,SITH10,180.0,N.TO2H,0.0618018530656333,,0,0
2007,20071006034600,SITH10,78.5,N.TO2H,0.0618018530656333,,0,0
2007,20071001022100,CHB025,74.0,N.CKRH,0.0240332655417541,U;X;Y,1,0
2007,20071001022100,SITH10,78.5,N.TO2H,0.0618018530656333,,0,0
2007,20071001022100,SITH10,180.0,N.TO2H,0.0618018530656333,,0,0
2007,20070818165500,CHB025,74.0,N.CKRH,0.0240332655417541,U;X;Y,1,0
2007,20070818133600,CHB025,74.0,N.CKRH,0.0240332655417541,U;X;Y,1,0
2007,20070818041400,CHB025,74.0,N.CKRH,0.0240332655417541,U;X;Y,1,0
2007,20070724113800,SITH10,78.5,N.TO2H,0.0618018530656333,,0,0
2007,20070724113800,SITH10,180.0,N.TO2H,0.0618018530656333,,0,0
2007,20070712052900,SITH10,78.5,N.TO2H,0.0618018530656333,,0,0
2007,20070712052900,SITH10,180.0,N.TO2H,0.0618018530656333,,0,0
2007,20070628182600,SITH10,78.5,N.TO2H,0.0618018530656333,,0,0
2007,20070628182600,SITH10,180.0,N.TO2H,0.0618018530656333,,0,0
2007,20070623145800,CHB025,74.0,N.CKRH,0.0240332655417541,U;X;Y,1,0
2007,20070604133400,SITH10,78.5,N.TO2H,0.0618018530656333,,0,0
2007,20070601072900,SITH10,78.5,N.TO2H,0.0618018530656333,,0,0
2007,20070601072900,SITH10,180.0,N.TO2H,0.0618018530656333,,0,0
2007,20070509085200,SITH10,78.5,N.TO2H,0.0618018530656333,,0,0
2007,20070509085200,SITH10,180.0,N.TO2H,0.0618018530656333,,0,0
2007,20070322102900,SITH10,78.5,N.TO2H,0.0618018530656333,,0,0
2007,20070322102900,SITH10,180.0,N.TO2H,0.0618018530656333,,0,0
2007,20070314224000,CHBH19,-1629.0,N.HSNH,0.0,,0,0
2007,20070314224000,CHBH19,1.0,N.HSNH,0.0,,0,0
2007,20070204205900,CHBH19,-1629.0,N.HSNH,0.0,,0,0
2007,20070204205900,CHBH19,1.0,N.HSNH,0.0,,0,0
2007,20070109131800,SITH10,78.5,N.TO2H,0.0618018530656333,,0,0
2007,20070109131800,SITH10,180.0,N.TO2H,0.0618018530656333,,0,0
2007,20070104084700,CHB025,74.0,N.CKRH,0.0240332655417541,U;X;Y,1,0
2007,20070602144300,SITH10,78.5,N.TO2H,0.0618018530656333,,0,0
2007,20070602144300,SITH10,180.0,N.TO2H,0.0618018530656333,,0,0
2007,20070303182600,CHBH19,-1629.0,N.HSNH,0.0,,0,0
2007,20070303182600,CHBH19,1.0,N.HSNH,0.0,,0,0
2008,20081201152000,SITH10,78.5,N.TO2H,0.0618018530656333,,0,0
2008,20081122211300,SITH10,78.5,N.TO2H,0.0618018530656333,,0,0
2008,20081122211300,SITH10,180.0,N.TO2H,0.0618018530656333,,0,0
2008,20081008150700,CHB025,74.0,N.CKRH,0.0240332655417541,U;X;Y,1,0
2008,20081008150700,SITH10,78.5,N.TO2H,0.0618018530656333,,0,0
2008,20081008150700,SITH10,180.0,N.TO2H,0.0618018530656333,,0,0
2008,20080921071700,CHB025,74.0,N.CKRH,0.0240332655417541,U;X;Y,1,0
2008,20080921071700,CHBH20,-278.1,N.KMSH,0.0,,0,0
2008,20080921071700,SITH10,78.5,N.TO2H,0.0618018530656333,,0,0
2008,20080921071700,SITH10,180.0,N.TO2H,0.0618018530656333,,0,0
2008,20080906162900,CHBH20,28.0,N.KMSH,0.0,,0,0
2008,20080822195900,SITH10,78.5,N.TO2H,0.0618018530656333,,0,0
2008,20080822195900,SITH10,180.0,N.TO2H,0.0618018530656333,,0,0
2008,20080822092500,CHB025,74.0,N.CKRH,0.0240332655417541,U;X;Y,1,0
2008,20080808125700,SITH10,78.5,N.TO2H,0.0618018530656333,,0,0
2008,20080808125700,SITH10,180.0,N.TO2H,0.0618018530656333,,0,0
2008,20080715222300,SITH10,78.5,N.TO2H,0.0618018530656333,,0,0
2008,20080715222300,SITH10,180.0,N.TO2H,0.0618018530656333,,0,0
2008,20080715213700,SITH10,78.5,N.TO2H,0.0618018530656333,,0,0
2008,20080715213700,SITH10,180.0,N.TO2H,0.0618018530656333,,0,0
2008,20080615211900,SITH10,78.5,N.TO2H,0.0618018530656333,,0,0
2008,20080615211900,SITH10,180.0,N.TO2H,0.0618018530656333,,0,0
2008,20080509074300,SITH10,78.5,N.TO2H,0.0618018530656333,,0,0
2008,20080509074300,SITH10,180.0,N.TO2H,0.0618018530656333,,0,0
2008,20080410095400,SITH10,78.5,N.TO2H,0.0618018530656333,,0,0
2008,20080410095400,SITH10,180.0,N.TO2H,0.0618018530656333,,0,0
2008,20080406215500,SITH10,78.5,N.TO2H,0.0618018530656333,,0,0
2008,20080406215500,SITH10,180.0,N.TO2H,0.0618018530656333,,0,0
2008,20080404190200,SITH10,78.5,N.TO2H,0.0618018530656333,,0,0
2008,20080404190200,SITH10,180.0,N.TO2H,0.0618018530656333,,0,0
2008,20080401232900,CHB025,74.0,N.CKRH,0.0240332655417541,U;X;Y,1,0
2008,20080401232900,SITH10,180.0,N.TO2H,0.0618018530656333,,0,0
2008,20080324124000,SITH10,78.5,N.TO2H,0.0618018530656333,,0,0
2008,20080320013600,SITH10,78.5,N.TO2H,0.0618018530656333,,0,0
2008,20080320013600,SITH10,180.0,N.TO2H,0.0618018530656333,,0,0
2008,20080309061300,SITH10,180.0,N.TO2H,0.0618018530656333,,0,0
2008,20080308015500,SITH10,78.5,N.TO2H,0.0618018530656333,,0,0
2009,20091224060100,KNGH23,1.5,N.HYMH,0.0,,0,0
2009,20091224060100,KNGH23,101.5,N.HYMH,0.0,,0,0
2009,20091219220900,KNGH23,1.5,N.HYMH,0.0,,0,0
2009,20091219220900,KNGH23,101.5,N.HYMH,0.0,,0,0
2009,20091219220400,KNGH23,1.5,N.HYMH,0.0,,0,0
2009,20091219220400,KNGH23,101.5,N.HYMH,0.0,,0,0
2009,20091219005300,SITH10,78.5,N.TO2H,0.0618018530656333,,0,0
2009,20091219005300,SITH10,180.0,N.TO2H,0.0618018530656333,,0,0
2009,20091218163900,KNGH23,1.5,N.HYMH,0.0,,0,0
2009,20091218084500,CHB025,74.0,N.CKRH,0.0240332655417541,U;X;Y,1,0
2009,20091218084500,KNGH23,1.5,N.HYMH,0.0,,0,0
2009,20091218084500,KNGH23,101.5,N.HYMH,0.0,,0,0
2009,20091218084500,SITH10,78.5,N.TO2H,0.0618018530656333,,0,0
2009,20091218084500,SITH10,180.0,N.TO2H,0.0618018530656333,,0,0
2009,20091218054100,SITH10,78.5,N.TO2H,0.0618018530656333,,0,0
2009,20091218054100,SITH10,180.0,N.TO2H,0.0618018530656333,,0,0
2009,20091218052500,KNGH23,1.5,N.HYMH,0.0,,0,0
2009,20091218052500,KNGH23,101.5,N.HYMH,0.0,,0,0
2009,20091217234500,KNGH23,1.5,N.HYMH,0.0,,0,0
2009,20091217234500,KNGH23,101.5,N.HYMH,0.0,,0,0
2009,20091217234500,SITH10,78.5,N.TO2H,0.0618018530656333,,0,0
2009,20091217234500,SITH10,180.0,N.TO2H,0.0618018530656333,,0,0
2009,20091215175400,CHB025,74.0,N.CKRH,0.0240332655417541,U;X;Y,1,0
2009,20091114042300,SITH10,78.5,N.TO2H,0.0618018530656333,,0,0
2009,20091114042300,SITH10,180.0,N.TO2H,0.0618018530656333,,0,0
2009,20091024200400,SITH10,78.5,N.TO2H,0.0618018530656333,,0,0
2009,20091024200400,SITH10,180.0,N.TO2H,0.0618018530656333,,0,0
2009,20091001194300,SITH10,180.0,N.TO2H,0.0618018530656333,,0,0
2009,20090908100200,SITH10,78.5,N.TO2H,0.0618018530656333,,0,0
2009,20090908100200,SITH10,180.0,N.TO2H,0.0618018530656333,,0,0
2009,20090821085100,CHB025,74.0,N.CKRH,0.0240332655417541,U;X;Y,1,0
2009,20090821085100,SITH10,78.5,N.TO2H,0.0618018530656333,,0,0
2009,20090821085100,SITH10,180.0,N.TO2H,0.0618018530656333,,0,0
2009,20090716051900,SITH10,78.5,N.TO2H,0.0618018530656333,,0,0
2009,20090716051900,SITH10,180.0,N.TO2H,0.0618018530656333,,0,0
2009,20090611075300,NGNH54,1064.5,N.IIDH,0.0,,0,0
2009,20090611075300,NGNH54,1168.0,N.IIDH,0.0,,0,0
2009,20090529143900,SITH10,78.5,N.TO2H,0.0618018530656333,,0,0
2009,20090525202600,NGNH54,1064.5,N.IIDH,0.0,,0,0
2009,20090416161900,SITH10,78.5,N.TO2H,0.0618018530656333,,0,0
2009,20090416161900,SITH10,180.0,N.TO2H,0.0618018530656333,,0,0
2009,20090403084300,SITH10,78.5,N.TO2H,0.0618018530656333,,0,0
2009,20090403084300,SITH10,180.0,N.TO2H,0.0618018530656333,,0,0
2009,20090325152600,SITH10,78.5,N.TO2H,0.0618018530656333,,0,0
2009,20090313212100,CHB025,74.0,N.CKRH,0.0240332655417541,U;X;Y,1,0
2009,20090220181700,SITH10,78.5,N.TO2H,0.0618018530656333,,0,0
2009,20090220181700,SITH10,180.0,N.TO2H,0.0618018530656333,,0,0
2009,20090218014400,SITH10,78.5,N.TO2H,0.0618018530656333,,0,0
2009,20090218014400,SITH10,180.0,N.TO2H,0.0618018530656333,,0,0
2009,20090217045400,CHB025,74.0,N.CKRH,0.0240332655417541,U;X;Y,1,0
2009,20090216030600,CHB025,74.0,N.CKRH,0.0240332655417541,U;X;Y,1,0
2009,20090201065200,SITH10,78.5,N.TO2H,0.0618018530656333,,0,0
2009,20091218023000,KNGH23,1.5,N.HYMH,0.0,,0,0
2009,20091218023000,KNGH23,101.5,N.HYMH,0.0,,0,0
2010,20101105191400,SITH10,78.5,N.TO2H,0.0618018530656333,,0,0
2010,20101105191400,SITH10,180.0,N.TO2H,0.0618018530656333,,0,0
2010,20101024135000,SITH10,180.0,N.TO2H,0.0618018530656333,,0,0
2010,20101019222400,SITH10,78.5,N.TO2H,0.0618018530656333,,0,0
2010,20101019222400,SITH10,180.0,N.TO2H,0.0618018530656333,,0,0
2010,20101014131000,SITH10,78.5,N.TO2H,0.0618018530656333,,0,0
2010,20101009151200,SITH10,180.0,N.TO2H,0.0618018530656333,,0,0
2010,20100922053200,SITH10,78.5,N.TO2H,0.0618018530656333,,0,0
2010,20100922053200,SITH10,180.0,N.TO2H,0.0618018530656333,,0,0
2010,20100803073100,SITH10,180.0,N.TO2H,0.0618018530656333,,0,0
2010,20100723060600,SITH10,180.0,N.TO2H,0.0618018530656333,,0,0
2010,20100707090200,SITH10,78.5,N.TO2H,0.0618018530656333,,0,0
2010,20100707090200,SITH10,180.0,N.TO2H,0.0618018530656333,,0,0
2010,20100706180300,SITH10,78.5,N.TO2H,0.0618018530656333,,0,0
2010,20100706180300,SITH10,180.0,N.TO2H,0.0618018530656333,,0,0
2010,20100704150300,SITH10,78.5,N.TO2H,0.0618018530656333,,0,0
2010,20100704150300,SITH10,180.0,N.TO2H,0.0618018530656333,,0,0
2010,20100509133300,SITH10,78.5,N.TO2H,0.0618018530656333,,0,0
2010,20100509133300,SITH10,180.0,N.TO2H,0.0618018530656333,,0,0
2010,20100430193300,SITH10,78.5,N.TO2H,0.0618018530656333,,0,0
2010,20100329102900,SITH10,180.0,N.TO2H,0.0618018530656333,,0,0
2010,20100316073000,CHB025,74.0,N.CKRH,0.0240332655417541,U;X;Y,1,0
2010,20100316073000,KNGH23,1.5,N.HYMH,0.0,,0,0
2010,20100316073000,KNGH23,101.5,N.HYMH,0.0,,0,0
2010,20100225083500,SITH10,180.0,N.TO2H,0.0618018530656333,,0,0
2010,20100222185300,SITH10,78.5,N.TO2H,0.0618018530656333,,0,0
2010,20100217045900,CHB025,74.0,N.CKRH,0.0240332655417541,U;X;Y,1,0
2010,20100217045900,KNGH23,1.5,N.HYMH,0.0,,0,0
2010,20100217045900,KNGH23,101.5,N.HYMH,0.0,,0,0
2010,20100217045900,SITH10,180.0,N.TO2H,0.0618018530656333,,0,0
2010,20100121025900,KNGH23,1.5,N.HYMH,0.0,,0,0
2010,20100121025900,KNGH23,101.5,N.HYMH,0.0,,0,0
2010,20100117150400,SITH10,180.0,N.TO2H,0.0618018530656333,,0,0
2010,20100319192700,SITH10,78.5,N.TO2H,0.0618018530656333,,0,0
2011,20111223234400,SITH10,78.5,N.TO2H,0.0618018530656333,,0,0
2011,20111216151200,SITH10,78.5,N.TO2H,0.0618018530656333,,0,0
2011,20111216151200,SITH10,180.0,N.TO2H,0.0618018530656333,,0,0
2011,20111214130100,SZOH53,82.0,N.KG3H,0.0143825736918367,,0,0
2011,20111214130100,SZOH53,182.0,N.KG3H,0.0143825736918367,,0,0
2011,20111208054300,CHB025,74.0,N.CKRH,0.0240332655417541,U;X;Y,1,0
2011,20111203055500,CHB025,74.0,N.CKRH,0.0240332655417541,U;X;Y,1,0
2011,20111123152200,CHB025,74.0,N.CKRH,0.0240332655417541,U;X;Y,1,0
2011,20111114044000,CHB025,74.0,N.CKRH,0.0240332655417541,U;X;Y,1,0
2011,20111103193400,SITH10,78.5,N.TO2H,0.0618018530656333,,0,0
2011,20111103193400,SITH10,180.0,N.TO2H,0.0618018530656333,,0,0
2011,20111014182600,SITH10,78.5,N.TO2H,0.0618018530656333,,0,0
2011,20111010065700,SITH10,78.5,N.TO2H,0.0618018530656333,,0,0
2011,20111010065700,SITH10,180.0,N.TO2H,0.0618018530656333,,0,0
2011,20111009010800,SITH10,78.5,N.TO2H,0.0618018530656333,,0,0
2011,20111009010800,SITH10,180.0,N.TO2H,0.0618018530656333,,0,0
2011,20110928202500,SITH10,180.0,N.TO2H,0.0618018530656333,,0,0
2011,20110925150900,SITH10,78.5,N.TO2H,0.0618018530656333,,0,0
2011,20110904055300,SITH10,78.5,N.TO2H,0.0618018530656333,,0,0
2011,20110904055300,SITH10,180.0,N.TO2H,0.0618018530656333,,0,0
2011,20110831183300,CHB025,74.0,N.CKRH,0.0240332655417541,U;X;Y,1,0
2011,20110831183300,SITH10,78.5,N.TO2H,0.0618018530656333,,0,0
2011,20110826212600,SITH10,78.5,N.TO2H,0.0618018530656333,,0,0
2011,20110826212600,SITH10,180.0,N.TO2H,0.0618018530656333,,0,0
2011,20110822173600,SITH10,78.5,N.TO2H,0.0618018530656333,,0,0
2011,20110822173600,SITH10,180.0,N.TO2H,0.0618018530656333,,0,0
2011,20110821012600,CHB025,74.0,N.CKRH,0.0240332655417541,U;X;Y,1,0
2011,20110819143600,CHB025,74.0,N.CKRH,0.0240332655417541,U;X;Y,1,0
2011,20110819143600,SITH10,180.0,N.TO2H,0.0618018530656333,,0,0
2011,20110819003900,SITH10,78.5,N.TO2H,0.0618018530656333,,0,0
2011,20110819003900,SITH10,180.0,N.TO2H,0.0618018530656333,,0,0
2011,20110818013200,SITH10,78.5,N.TO2H,0.0618018530656333,,0,0
2011,20110818013200,SITH10,180.0,N.TO2H,0.0618018530656333,,0,0
2011,20110817092300,SITH10,78.5,N.TO2H,0.0618018530656333,,0,0
2011,20110817092300,SITH10,180.0,N.TO2H,0.0618018530656333,,0,0
2011,20110815152600,SITH10,78.5,N.TO2H,0.0618018530656333,,0,0
2011,20110815152600,SITH10,180.0,N.TO2H,0.0618018530656333,,0,0
2011,20110812043700,SZOH53,82.0,N.KG3H,0.0143825736918367,,0,0
2011,20110807123300,SITH10,78.5,N.TO2H,0.0618018530656333,,0,0
2011,20110805212800,SITH10,78.5,N.TO2H,0.0618018530656333,,0,0
2011,20110805212800,SITH10,180.0,N.TO2H,0.0618018530656333,,0,0
2011,20110803042600,SITH10,78.5,N.TO2H,0.0618018530656333,,0,0
2011,20110803042600,SITH10,180.0,N.TO2H,0.0618018530656333,,0,0
2011,20110802123700,SITH10,180.0,N.TO2H,0.0618018530656333,,0,0
2011,20110801235800,SZOH53,82.0,N.KG3H,0.0143825736918367,,0,0
2011,20110731035400,SITH10,180.0,N.TO2H,0.0618018530656333,,0,0
2011,20110725035100,SITH10,180.0,N.TO2H,0.0618018530656333,,0,0
2011,20110723232200,SITH10,78.5,N.TO2H,0.0618018530656333,,0,0
2011,20110723232200,SITH10,180.0,N.TO2H,0.0618018530656333,,0,0
2011,20110716175700,SITH10,78.5,N.TO2H,0.0618018530656333,,0,0
2011,20110715210100,SITH10,78.5,N.TO2H,0.0618018530656333,,0,0
2011,20110715210100,SITH10,180.0,N.TO2H,0.0618018530656333,,0,0
2011,20110708033500,SITH10,78.5,N.TO2H,0.0618018530656333,,0,0
2011,20110623065100,SITH10,180.0,N.TO2H,0.0618018530656333,,0,0
2011,20110618185700,SITH10,78.5,N.TO2H,0.0618018530656333,,0,0
2011,20110604010000,SITH10,180.0,N.TO2H,0.0618018530656333,,0,0
2011,20110603103300,SITH10,78.5,N.TO2H,0.0618018530656333,,0,0
2011,20110603103300,SITH10,180.0,N.TO2H,0.0618018530656333,,0,0
2011,20110603090500,SITH10,180.0,N.TO2H,0.0618018530656333,,0,0
2011,20110528111400,SITH10,180.0,N.TO2H,0.0618018530656333,,0,0
2011,20110525091900,SITH10,78.5,N.TO2H,0.0618018530656333,,0,0
2011,20110525091900,SITH10,180.0,N.TO2H,0.0618018530656333,,0,0
2011,20110521010400,SITH10,78.5,N.TO2H,0.0618018530656333,,0,0
2011,20110521010400,SITH10,180.0,N.TO2H,0.0618018530656333,,0,0
2011,20110520175300,SITH10,78.5,N.TO2H,0.0618018530656333,,0,0
2011,20110520175300,SITH10,180.0,N.TO2H,0.0618018530656333,,0,0
2011,20110505032200,SZOH53,82.0,N.KG3H,0.0143825736918367,,0,0
2011,20110505032200,SZOH53,182.0,N.KG3H,0.0143825736918367,,0,0
2011,20110501104500,SITH10,180.0,N.TO2H,0.0618018530656333,,0,0
2011,20110425060600,CHB025,74.0,N.CKRH,0.0240332655417541,U;X;Y,1,0
2011,20110424122500,SITH10,180.0,N.TO2H,0.0618018530656333,,0,0
2011,20110421223700,CHB025,74.0,N.CKRH,0.0240332655417541,U;X;Y,1,0
2011,20110419023700,SITH10,78.5,N.TO2H,0.0618018530656333,,0,0
2011,20110419023700,SITH10,180.0,N.TO2H,0.0618018530656333,,0,0
2011,20110416111900,CHB025,74.0,N.CKRH,0.0240332655417541,U;X;Y,1,0
2011,20110416111900,SITH10,78.5,N.TO2H,0.0618018530656333,,0,0
2011,20110416111900,SITH10,180.0,N.TO2H,0.0618018530656333,,0,0
2011,20110416111900,SZOH53,82.0,N.KG3H,0.0143825736918367,,0,0
2011,20110416111900,SZOH53,182.0,N.KG3H,0.0143825736918367,,0,0
2011,20110412072600,SITH10,78.5,N.TO2H,0.0618018530656333,,0,0
2011,20110412072600,SITH10,180.0,N.TO2H,0.0618018530656333,,0,0
2011,20110410062300,SITH10,180.0,N.TO2H,0.0618018530656333,,0,0
2011,20110409214700,SITH10,78.5,N.TO2H,0.0618018530656333,,0,0
2011,20110409184200,SITH10,180.0,N.TO2H,0.0618018530656333,,0,0
2011,20110409170200,SITH10,78.5,N.TO2H,0.0618018530656333,,0,0
2011,20110409170200,SITH10,180.0,N.TO2H,0.0618018530656333,,0,0
2011,20110409035700,SITH10,78.5,N.TO2H,0.0618018530656333,,0,0
2011,20110409035700,SITH10,180.0,N.TO2H,0.0618018530656333,,0,0
2011,20110408044600,SITH10,78.5,N.TO2H,0.0618018530656333,,0,0
2011,20110405133200,SITH10,78.5,N.TO2H,0.0618018530656333,,0,0
2011,20110405133200,SITH10,180.0,N.TO2H,0.0618018530656333,,0,0
2011,20110404204600,SITH10,78.5,N.TO2H,0.0618018530656333,,0,0
2011,20110404204600,SITH10,180.0,N.TO2H,0.0618018530656333,,0,0
2011,20110403114900,SITH10,78.5,N.TO2H,0.0618018530656333,,0,0
2011,20110403114900,SITH10,180.0,N.TO2H,0.0618018530656333,,0,0
2011,20110402165600,SITH10,78.5,N.TO2H,0.0618018530656333,,0,0
2011,20110402165600,SITH10,180.0,N.TO2H,0.0618018530656333,,0,0
2011,20110401205800,SITH10,180.0,N.TO2H,0.0618018530656333,,0,0
2011,20110325203600,SITH10,180.0,N.TO2H,0.0618018530656333,,0,0
2011,20110324085600,SITH10,78.5,N.TO2H,0.0618018530656333,,0,0
2011,20110324085600,SITH10,180.0,N.TO2H,0.0618018530656333,,0,0
2011,20110322161900,SITH10,78.5,N.TO2H,0.0618018530656333,,0,0
2011,20110316125200,SITH10,180.0,N.TO2H,0.0618018530656333,,0,0
2011,20110315224000,SZOH53,82.0,N.KG3H,0.0143825736918367,,0,0
2011,20110315224000,SZOH53,182.0,N.KG3H,0.0143825736918367,,0,0
2011,20110315223100,SITH10,78.5,N.TO2H,0.0618018530656333,,0,0
2011,20110315223100,SITH10,180.0,N.TO2H,0.0618018530656333,,0,0
2011,20110315223100,SZOH53,82.0,N.KG3H,0.0143825736918367,,0,0
2011,20110315223100,SZOH53,182.0,N.KG3H,0.0143825736918367,,0,0
2011,20110314155200,SITH10,78.5,N.TO2H,0.0618018530656333,,0,0
2011,20110314151300,SITH10,180.0,N.TO2H,0.0618018530656333,,0,0
2011,20110314100200,SITH10,180.0,N.TO2H,0.0618018530656333,,0,0
2011,20110312221500,SITH10,180.0,N.TO2H,0.0618018530656333,,0,0
2011,20110311150800,SZOH53,182.0,N.KG3H,0.0143825736918367,,0,0
2011,20110226041200,CHB025,74.0,N.CKRH,0.0240332655417541,U;X;Y,1,0
2011,20110211185900,SITH10,78.5,N.TO2H,0.0618018530656333,,0,0
2011,20110205105600,CHB025,74.0,N.CKRH,0.0240332655417541,U;X;Y,1,0
2011,20110131080300,SITH10,78.5,N.TO2H,0.0618018530656333,,0,0
2011,20110131080300,SITH10,180.0,N.TO2H,0.0618018530656333,,0,0
2011,20110102094200,SITH10,78.5,N.TO2H,0.0618018530656333,,0,0
2011,20110102094200,SITH10,180.0,N.TO2H,0.0618018530656333,,0,0
2011,20110504161300,SITH10,180.0,N.TO2H,0.0618018530656333,,0,0
2011,20110503142600,CHB025,74.0,N.CKRH,0.0240332655417541,U;X;Y,1,0
2011,20110426211200,SITH10,180.0,N.TO2H,0.0618018530656333,,0,0
2011,20110419231000,SITH10,78.5,N.TO2H,0.0618018530656333,,0,0
2011,20110419231000,SITH10,180.0,N.TO2H,0.0618018530656333,,0,0
2011,20110412204700,SITH10,180.0,N.TO2H,0.0618018530656333,,0,0
2012,20121231071700,MYGH13,-10.0,N.MSRH,0.0,,0,0
2012,20121231071700,MYGH13,90.0,N.MSRH,0.0,,0,0
2012,20121231025900,MYGH13,-10.0,N.MSRH,0.0,,0,0
2012,20121231025900,MYGH13,90.0,N.MSRH,0.0,,0,0
2012,20121229120500,MYGH13,-10.0,N.MSRH,0.0,,0,0
2012,20121229120500,MYGH13,90.0,N.MSRH,0.0,,0,0
2012,20121228163000,SITH10,78.5,N.TO2H,0.0618018530656333,,0,0
2012,20121222153200,MYGH13,-10.0,N.MSRH,0.0,,0,0
2012,20121222153200,MYGH13,90.0,N.MSRH,0.0,,0,0
2012,20121221215200,MYGH13,-10.0,N.MSRH,0.0,,0,0
2012,20121221215200,MYGH13,90.0,N.MSRH,0.0,,0,0
2012,20121220051600,SITH10,78.5,N.TO2H,0.0618018530656333,,0,0
2012,20121220051600,SITH10,180.0,N.TO2H,0.0618018530656333,,0,0
2012,20121124175900,CHB025,74.0,N.CKRH,0.0240332655417541,U;X;Y,1,0
2012,20121124175900,SITH10,78.5,N.TO2H,0.0618018530656333,,0,0
2012,20121124175900,SITH10,180.0,N.TO2H,0.0618018530656333,,0,0
2012,20121124005100,SITH10,78.5,N.TO2H,0.0618018530656333,,0,0
2012,20121124005100,SITH10,180.0,N.TO2H,0.0618018530656333,,0,0
2012,20121122231900,CHB025,74.0,N.CKRH,0.0240332655417541,U;X;Y,1,0
2012,20121106084600,SITH10,78.5,N.TO2H,0.0618018530656333,,0,0
2012,20121106084600,SITH10,180.0,N.TO2H,0.0618018530656333,,0,0
2012,20121031155000,SITH10,78.5,N.TO2H,0.0618018530656333,,0,0
2012,20121031155000,SITH10,180.0,N.TO2H,0.0618018530656333,,0,0
2012,20121011160600,SITH10,78.5,N.TO2H,0.0618018530656333,,0,0
2012,20121011160600,SITH10,180.0,N.TO2H,0.0618018530656333,,0,0
2012,20121008200400,SITH10,78.5,N.TO2H,0.0618018530656333,,0,0
2012,20121008200400,SITH10,180.0,N.TO2H,0.0618018530656333,,0,0
2012,20120914022200,SITH10,180.0,N.TO2H,0.0618018530656333,,0,0
2012,20120830041700,SITH10,78.5,N.TO2H,0.0618018530656333,,0,0
2012,20120830041700,SITH10,180.0,N.TO2H,0.0618018530656333,,0,0
2012,20120813134800,SITH10,78.5,N.TO2H,0.0618018530656333,,0,0
2012,20120813134800,SITH10,180.0,N.TO2H,0.0618018530656333,,0,0
2012,20120803221900,SITH10,78.5,N.TO2H,0.0618018530656333,,0,0
2012,20120803221900,SITH10,180.0,N.TO2H,0.0618018530656333,,0,0
2012,20120727234000,SITH10,78.5,N.TO2H,0.0618018530656333,,0,0
2012,20120727234000,SITH10,180.0,N.TO2H,0.0618018530656333,,0,0
2012,20120726193000,SITH10,78.5,N.TO2H,0.0618018530656333,,0,0
2012,20120726193000,SITH10,180.0,N.TO2H,0.0618018530656333,,0,0
2012,20120716043100,SITH10,78.5,N.TO2H,0.0618018530656333,,0,0
2012,20120716043100,SITH10,180.0,N.TO2H,0.0618018530656333,,0,0
2012,20120703113100,CHB025,74.0,N.CKRH,0.0240332655417541,U;X;Y,1,0
2012,20120628151700,SITH10,78.5,N.TO2H,0.0618018530656333,,0,0
2012,20120628151700,SITH10,180.0,N.TO2H,0.0618018530656333,,0,0
2012,20120609040700,SZOH53,182.0,N.KG3H,0.0143825736918367,,0,0
2012,20120529013600,CHB025,74.0,N.CKRH,0.0240332655417541,U;X;Y,1,0
2012,20120529013600,SITH10,180.0,N.TO2H,0.0618018530656333,,0,0
2012,20120526213500,SITH10,78.5,N.TO2H,0.0618018530656333,,0,0
2012,20120526213500,SITH10,180.0,N.TO2H,0.0618018530656333,,0,0
2012,20120520220100,SITH10,78.5,N.TO2H,0.0618018530656333,,0,0
2012,20120520220100,SITH10,180.0,N.TO2H,0.0618018530656333,,0,0
2012,20120518171900,SITH10,78.5,N.TO2H,0.0618018530656333,,0,0
2012,20120505185700,SZOH53,82.0,N.KG3H,0.0143825736918367,,0,0
2012,20120505185700,SZOH53,182.0,N.KG3H,0.0143825736918367,,0,0
2012,20120504120100,CHB025,74.0,N.CKRH,0.0240332655417541,U;X;Y,1,0
2012,20120504115400,CHB025,74.0,N.CKRH,0.0240332655417541,U;X;Y,1,0
2012,20120424211300,SZOH53,182.0,N.KG3H,0.0143825736918367,,0,0
2012,20120418071300,SITH10,180.0,N.TO2H,0.0618018530656333,,0,0
2012,20120403121200,SITH10,78.5,N.TO2H,0.0618018530656333,,0,0
2012,20120403121200,SITH10,180.0,N.TO2H,0.0618018530656333,,0,0
2012,20120401230400,SITH10,78.5,N.TO2H,0.0618018530656333,,0,0
2012,20120401230400,SITH10,180.0,N.TO2H,0.0618018530656333,,0,0
2012,20120325032400,SITH10,78.5,N.TO2H,0.0618018530656333,,0,0
2012,20120325032400,SITH10,180.0,N.TO2H,0.0618018530656333,,0,0
2012,20120317115500,SITH10,78.5,N.TO2H,0.0618018530656333,,0,0
2012,20120317115500,SITH10,180.0,N.TO2H,0.0618018530656333,,0,0
2012,20120316042000,SITH10,78.5,N.TO2H,0.0618018530656333,,0,0
2012,20120316042000,SITH10,180.0,N.TO2H,0.0618018530656333,,0,0
2012,20120314210500,SITH10,180.0,N.TO2H,0.0618018530656333,,0,0
2012,20120314180900,SITH10,180.0,N.TO2H,0.0618018530656333,,0,0
2012,20120301073200,SITH10,78.5,N.TO2H,0.0618018530656333,,0,0
2012,20120301073200,SITH10,180.0,N.TO2H,0.0618018530656333,,0,0
2012,20120229233200,CHB025,74.0,N.CKRH,0.0240332655417541,U;X;Y,1,0
2012,20120229180000,SITH10,78.5,N.TO2H,0.0618018530656333,,0,0
2012,20120229180000,SITH10,180.0,N.TO2H,0.0618018530656333,,0,0
2012,20120224131000,SITH10,78.5,N.TO2H,0.0618018530656333,,0,0
2012,20120224131000,SITH10,180.0,N.TO2H,0.0618018530656333,,0,0
2012,20120218141300,SITH10,78.5,N.TO2H,0.0618018530656333,,0,0
2012,20120218141300,SITH10,180.0,N.TO2H,0.0618018530656333,,0,0
2012,20120211102700,SITH10,78.5,N.TO2H,0.0618018530656333,,0,0
2012,20120211102700,SITH10,180.0,N.TO2H,0.0618018530656333,,0,0
2012,20120129164600,SITH10,78.5,N.TO2H,0.0618018530656333,,0,0
2012,20120129164600,SITH10,180.0,N.TO2H,0.0618018530656333,,0,0
2012,20120128080400,SITH10,78.5,N.TO2H,0.0618018530656333,,0,0
2012,20120128080400,SITH10,180.0,N.TO2H,0.0618018530656333,,0,0
2012,20120128074300,SITH10,78.5,N.TO2H,0.0618018530656333,,0,0
2012,20120128074300,SITH10,180.0,N.TO2H,0.0618018530656333,,0,0
2012,20120128073900,SITH10,78.5,N.TO2H,0.0618018530656333,,0,0
2012,20120128073900,SITH10,180.0,N.TO2H,0.0618018530656333,,0,0
2012,20120122102000,SITH10,78.5,N.TO2H,0.0618018530656333,,0,0
2012,20120122102000,SITH10,180.0,N.TO2H,0.0618018530656333,,0,0
2012,20120117123000,SITH10,78.5,N.TO2H,0.0618018530656333,,0,0
2012,20120117123000,SITH10,180.0,N.TO2H,0.0618018530656333,,0,0
2012,20120929194900,CHB025,74.0,N.CKRH,0.0240332655417541,U;X;Y,1,0
2012,20120805054400,SITH10,78.5,N.TO2H,0.0618018530656333,,0,0
2012,20120805054400,SITH10,180.0,N.TO2H,0.0618018530656333,,0,0
2012,20120722191200,SITH10,78.5,N.TO2H,0.0618018530656333,,0,0
2012,20120722191200,SITH10,180.0,N.TO2H,0.0618018530656333,,0,0
2012,20120601174800,SITH10,78.5,N.TO2H,0.0618018530656333,,0,0
2012,20120601174800,SITH10,180.0,N.TO2H,0.0618018530656333,,0,0
2012,20120204192100,SITH10,78.5,N.TO2H,0.0618018530656333,,0,0
2012,20120204192100,SITH10,180.0,N.TO2H,0.0618018530656333,,0,0
2013,20131221011000,SITH10,78.5,N.TO2H,0.0618018530656333,,0,0
2013,20131221011000,SITH10,180.0,N.TO2H,0.0618018530656333,,0,0
2013,20131216005400,SITH10,78.5,N.TO2H,0.0618018530656333,,0,0
2013,20131216005400,SITH10,180.0,N.TO2H,0.0618018530656333,,0,0
2013,20131129011500,CHB025,74.0,N.CKRH,0.0240332655417541,U;X;Y,1,0
2013,20131117004500,SITH10,78.5,N.TO2H,0.0618018530656333,,0,0
2013,20131116204400,CHB025,74.0,N.CKRH,0.0240332655417541,U;X;Y,1,0
2013,20131112140500,SITH10,78.5,N.TO2H,0.0618018530656333,,0,0
2013,20131112140500,SITH10,180.0,N.TO2H,0.0618018530656333,,0,0
2013,20131110073800,SITH10,78.5,N.TO2H,0.0618018530656333,,0,0
2013,20131110073800,SITH10,180.0,N.TO2H,0.0618018530656333,,0,0
2013,20131103142500,SITH10,78.5,N.TO2H,0.0618018530656333,,0,0
2013,20131103142500,SITH10,180.0,N.TO2H,0.0618018530656333,,0,0
2013,20131012024300,SITH10,78.5,N.TO2H,0.0618018530656333,,0,0
2013,20130916192400,SITH10,78.5,N.TO2H,0.0618018530656333,,0,0
2013,20130916192400,SITH10,180.0,N.TO2H,0.0618018530656333,,0,0
2013,20130825232500,CHB025,74.0,N.CKRH,0.0240332655417541,U;X;Y,1,0
2013,20130825232500,SITH10,78.5,N.TO2H,0.0618018530656333,,0,0
2013,20130825232500,SITH10,180.0,N.TO2H,0.0618018530656333,,0,0
2013,20130730213900,SITH10,78.5,N.TO2H,0.0618018530656333,,0,0
2013,20130730213900,SITH10,180.0,N.TO2H,0.0618018530656333,,0,0
2013,20130715010700,CHB025,74.0,N.CKRH,0.0240332655417541,U;X;Y,1,0
2013,20130705060100,CHB025,74.0,N.CKRH,0.0240332655417541,U;X;Y,1,0
2013,20130609001600,SITH10,78.5,N.TO2H,0.0618018530656333,,0,0
2013,20130609001600,SITH10,180.0,N.TO2H,0.0618018530656333,,0,0
2013,20130603145600,SITH10,78.5,N.TO2H,0.0618018530656333,,0,0
2013,20130603145600,SITH10,180.0,N.TO2H,0.0618018530656333,,0,0
2013,20130525111100,MYGH14,-986.0,N.RIFH,0.0,,0,0
2013,20130525111100,MYGH14,48.0,N.RIFH,0.0,,0,0
2013,20130524173300,MYGH14,-986.0,N.RIFH,0.0,,0,0
2013,20130524173300,MYGH14,48.0,N.RIFH,0.0,,0,0
2013,20130523194700,MYGH14,48.0,N.RIFH,0.0,,0,0
2013,20130522200600,MYGH14,-986.0,N.RIFH,0.0,,0,0
2013,20130522200600,MYGH14,48.0,N.RIFH,0.0,,0,0
2013,20130522200000,MYGH14,48.0,N.RIFH,0.0,,0,0
2013,20130519125700,MYGH14,-986.0,N.RIFH,0.0,,0,0
2013,20130519125700,MYGH14,48.0,N.RIFH,0.0,,0,0
2013,20130518180900,MYGH14,-986.0,N.RIFH,0.0,,0,0
2013,20130518180900,MYGH14,48.0,N.RIFH,0.0,,0,0
2013,20130518144800,MYGH14,-986.0,N.RIFH,0.0,,0,0
2013,20130518144800,MYGH14,48.0,N.RIFH,0.0,,0,0
2013,20130514080100,MYGH14,-986.0,N.RIFH,0.0,,0,0
2013,20130514080100,MYGH14,48.0,N.RIFH,0.0,,0,0
2013,20130514065500,MYGH14,-986.0,N.RIFH,0.0,,0,0
2013,20130514065500,MYGH14,48.0,N.RIFH,0.0,,0,0
2013,20130513220700,MYGH14,48.0,N.RIFH,0.0,,0,0
2013,20130507100400,MYGH14,-986.0,N.RIFH,0.0,,0,0
2013,20130506133200,MYGH14,-986.0,N.RIFH,0.0,,0,0
2013,20130506133200,MYGH14,48.0,N.RIFH,0.0,,0,0
2013,20130506090600,MYGH14,-986.0,N.RIFH,0.0,,0,0
2013,20130506090600,MYGH14,48.0,N.RIFH,0.0,,0,0
2013,20130502220400,SITH10,78.5,N.TO2H,0.0618018530656333,,0,0
2013,20130502220400,SITH10,180.0,N.TO2H,0.0618018530656333,,0,0
2013,20130502095500,MYGH14,-986.0,N.RIFH,0.0,,0,0
2013,20130502095500,MYGH14,48.0,N.RIFH,0.0,,0,0
2013,20130502073600,MYGH14,-986.0,N.RIFH,0.0,,0,0
2013,20130502073600,MYGH14,48.0,N.RIFH,0.0,,0,0
2013,20130430094900,MYGH14,-986.0,N.RIFH,0.0,,0,0
2013,20130430094900,MYGH14,48.0,N.RIFH,0.0,,0,0
2013,20130429052400,MYGH14,-986.0,N.RIFH,0.0,,0,0
2013,20130429052400,MYGH14,48.0,N.RIFH,0.0,,0,0
2013,20130419110600,MYGH14,-986.0,N.RIFH,0.0,,0,0
2013,20130419110600,MYGH14,48.0,N.RIFH,0.0,,0,0
2013,20130419045900,SITH10,78.5,N.TO2H,0.0618018530656333,,0,0
2013,20130419045900,SITH10,180.0,N.TO2H,0.0618018530656333,,0,0
2013,20130417231300,MYGH14,-986.0,N.RIFH,0.0,,0,0
2013,20130417231300,MYGH14,48.0,N.RIFH,0.0,,0,0
2013,20130417210300,MYGH14,-986.0,N.RIFH,0.0,,0,0
2013,20130417210300,MYGH14,48.0,N.RIFH,0.0,,0,0
2013,20130414102200,SITH10,78.5,N.TO2H,0.0618018530656333,,0,0
2013,20130414102200,SITH10,180.0,N.TO2H,0.0618018530656333,,0,0
2013,20130318065300,SITH10,180.0,N.TO2H,0.0618018530656333,,0,0
2013,20130314050200,CHB025,74.0,N.CKRH,0.0240332655417541,U;X;Y,1,0
2013,20130314050200,SITH10,78.5,N.TO2H,0.0618018530656333,,0,0
2013,20130314050200,SITH10,180.0,N.TO2H,0.0618018530656333,,0,0
2013,20130311171000,CHBH06,-145.0,N.SSAH,0.0,,0,0
2013,20130311171000,CHBH06,35.0,N.SSAH,0.0,,0,0
2013,20130308195300,SITH10,78.5,N.TO2H,0.0618018530656333,,0,0
2013,20130308195300,SITH10,180.0,N.TO2H,0.0618018530656333,,0,0
2013,20130307070400,IBRH06,395.0,N.KI2H,0.0,,0,0
2013,20130303202400,CHBH06,-145.0,N.SSAH,0.0,,0,0
2013,20130303202400,CHBH06,35.0,N.SSAH,0.0,,0,0
2013,20130303201400,CHBH06,-145.0,N.SSAH,0.0,,0,0
2013,20130303201400,CHBH06,35.0,N.SSAH,0.0,,0,0
2013,20130302013500,CHB025,74.0,N.CKRH,0.0240332655417541,U;X;Y,1,0
2013,20130301142000,CHBH06,-145.0,N.SSAH,0.0,,0,0
2013,20130301142000,CHBH06,35.0,N.SSAH,0.0,,0,0
2013,20130301142000,IBRH06,295.0,N.KI2H,0.0,,0,0
2013,20130301085300,SITH10,180.0,N.TO2H,0.0618018530656333,,0,0
2013,20130226214600,IBRH06,395.0,N.KI2H,0.0,,0,0
2013,20130225163400,IBRH06,295.0,N.KI2H,0.0,,0,0
2013,20130225163400,IBRH06,395.0,N.KI2H,0.0,,0,0
2013,20130225162300,CHB025,74.0,N.CKRH,0.0240332655417541,U;X;Y,1,0
2013,20130225162300,IBRH06,295.0,N.KI2H,0.0,,0,0
2013,20130218201000,MYGH13,-10.0,N.MSRH,0.0,,0,0
2013,20130218201000,MYGH13,90.0,N.MSRH,0.0,,0,0
2013,20130218200600,MYGH13,-10.0,N.MSRH,0.0,,0,0
2013,20130218200600,MYGH13,90.0,N.MSRH,0.0,,0,0
2013,20130216135100,IBRH06,295.0,N.KI2H,0.0,,0,0
2013,20130216135100,IBRH06,395.0,N.KI2H,0.0,,0,0
2013,20130216103300,IBRH06,295.0,N.KI2H,0.0,,0,0
2013,20130216103300,IBRH06,395.0,N.KI2H,0.0,,0,0
2013,20130216103000,MYGH13,-10.0,N.MSRH,0.0,,0,0
2013,20130216103000,MYGH13,90.0,N.MSRH,0.0,,0,0
2013,20130215181800,SITH10,78.5,N.TO2H,0.0618018530656333,,0,0
2013,20130215181800,SITH10,180.0,N.TO2H,0.0618018530656333,,0,0
2013,20130214095400,MYGH13,-10.0,N.MSRH,0.0,,0,0
2013,20130214095400,MYGH13,90.0,N.MSRH,0.0,,0,0
2013,20130213112100,MYGH13,-10.0,N.MSRH,0.0,,0,0
2013,20130213112100,MYGH13,90.0,N.MSRH,0.0,,0,0
2013,20130211124500,MYGH13,-10.0,N.MSRH,0.0,,0,0
2013,20130211124500,MYGH13,90.0,N.MSRH,0.0,,0,0
2013,20130205223400,MYGH13,90.0,N.MSRH,0.0,,0,0
2013,20130205223100,MYGH13,-10.0,N.MSRH,0.0,,0,0
2013,20130205223100,MYGH13,90.0,N.MSRH,0.0,,0,0
2013,20130202000600,MYGH13,-10.0,N.MSRH,0.0,,0,0
2013,20130202000600,MYGH13,90.0,N.MSRH,0.0,,0,0
2013,20130201195500,MYGH13,-10.0,N.MSRH,0.0,,0,0
2013,20130201195500,MYGH13,90.0,N.MSRH,0.0,,0,0
2013,20130201102700,MYGH13,-10.0,N.MSRH,0.0,,0,0
2013,20130201102700,MYGH13,90.0,N.MSRH,0.0,,0,0
2013,20130131103100,MYGH13,-10.0,N.MSRH,0.0,,0,0
2013,20130131103100,MYGH13,90.0,N.MSRH,0.0,,0,0
2013,20130130130700,MYGH13,90.0,N.MSRH,0.0,,0,0
2013,20130129112100,MYGH13,90.0,N.MSRH,0.0,,0,0
2013,20130124113200,MYGH13,90.0,N.MSRH,0.0,,0,0
2013,20130124063400,MYGH13,90.0,N.MSRH,0.0,,0,0
2013,20130124063100,MYGH13,-10.0,N.MSRH,0.0,,0,0
2013,20130124063100,MYGH13,90.0,N.MSRH,0.0,,0,0
2013,20130121033300,MYGH13,-10.0,N.MSRH,0.0,,0,0
2013,20130121033300,MYGH13,90.0,N.MSRH,0.0,,0,0
2013,20130116054900,SITH10,180.0,N.TO2H,0.0618018530656333,,0,0
2013,20130114155400,MYGH13,-10.0,N.MSRH,0.0,,0,0
2013,20130113121700,MYGH13,-10.0,N.MSRH,0.0,,0,0
2013,20130113121700,MYGH13,90.0,N.MSRH,0.0,,0,0
2013,20130110214800,MYGH13,-10.0,N.MSRH,0.0,,0,0
2013,20130108100100,MYGH13,-10.0,N.MSRH,0.0,,0,0
2013,20130108100100,MYGH13,90.0,N.MSRH,0.0,,0,0
2013,20130107225400,MYGH13,90.0,N.MSRH,0.0,,0,0
2013,20130106171100,MYGH13,-10.0,N.MSRH,0.0,,0,0
2013,20130106014700,MYGH13,-10.0,N.MSRH,0.0,,0,0
2013,20130106014700,MYGH13,90.0,N.MSRH,0.0,,0,0
2013,20130201230600,CHB025,74.0,N.CKRH,0.0240332655417541,U;X;Y,1,0
2013,20130201230600,SITH10,78.5,N.TO2H,0.0618018530656333,,0,0
2013,20130201230600,SITH10,180.0,N.TO2H,0.0618018530656333,,0,0
2014,20141231234900,SITH10,78.5,N.TO2H,0.0618018530656333,,0,0
2014,20141231234900,SITH10,180.0,N.TO2H,0.0618018530656333,,0,0
2014,20141211150700,SITH10,78.5,N.TO2H,0.0618018530656333,,0,0
2014,20141211150700,SITH10,180.0,N.TO2H,0.0618018530656333,,0,0
2014,20141112095300,SITH10,78.5,N.TO2H,0.0618018530656333,,0,0
2014,20141112095300,SITH10,180.0,N.TO2H,0.0618018530656333,,0,0
2014,20141027153600,SITH10,78.5,N.TO2H,0.0618018530656333,,0,0
2014,20141027153600,SITH10,180.0,N.TO2H,0.0618018530656333,,0,0
2014,20141006132000,SITH10,180.0,N.TO2H,0.0618018530656333,,0,0
2014,20140928150900,SITH10,78.5,N.TO2H,0.0618018530656333,,0,0
2014,20140928150900,SITH10,180.0,N.TO2H,0.0618018530656333,,0,0
2014,20140902163200,SITH10,78.5,N.TO2H,0.0618018530656333,,0,0
2014,20140902163200,SITH10,180.0,N.TO2H,0.0618018530656333,,0,0
2014,20140824172700,SITH10,78.5,N.TO2H,0.0618018530656333,,0,0
2014,20140824172700,SITH10,180.0,N.TO2H,0.0618018530656333,,0,0
2014,20140720194700,SITH10,78.5,N.TO2H,0.0618018530656333,,0,0
2014,20140720102500,SITH10,78.5,N.TO2H,0.0618018530656333,,0,0
2014,20140719104300,SITH10,78.5,N.TO2H,0.0618018530656333,,0,0
2014,20140719104300,SITH10,180.0,N.TO2H,0.0618018530656333,,0,0
2014,20140703072900,CHB025,74.0,N.CKRH,0.0240332655417541,U;X;Y,1,0
2014,20140703072900,SITH10,78.5,N.TO2H,0.0618018530656333,,0,0
2014,20140703072900,SITH10,180.0,N.TO2H,0.0618018530656333,,0,0
2014,20140620014300,CHB025,74.0,N.CKRH,0.0240332655417541,U;X;Y,1,0
2014,20140620014300,SITH10,78.5,N.TO2H,0.0618018530656333,,0,0
2014,20140620014300,SITH10,180.0,N.TO2H,0.0618018530656333,,0,0
2014,20140611211200,SITH10,78.5,N.TO2H,0.0618018530656333,,0,0
2014,20140609175800,CHB025,74.0,N.CKRH,0.0240332655417541,U;X;Y,1,0
2014,20140513083500,CHB025,74.0,N.CKRH,0.0240332655417541,U;X;Y,1,0
2014,20140513083500,SITH10,78.5,N.TO2H,0.0618018530656333,,0,0
2014,20140505050200,SITH10,78.5,N.TO2H,0.0618018530656333,,0,0
2014,20140505050200,SITH10,180.0,N.TO2H,0.0618018530656333,,0,0
2014,20140415204300,SITH10,78.5,N.TO2H,0.0618018530656333,,0,0
2014,20140415204300,SITH10,180.0,N.TO2H,0.0618018530656333,,0,0
2014,20140330122300,SITH10,78.5,N.TO2H,0.0618018530656333,,0,0
2014,20140330122300,SITH10,180.0,N.TO2H,0.0618018530656333,,0,0
2014,20140319022400,SITH10,78.5,N.TO2H,0.0618018530656333,,0,0
2014,20140319022400,SITH10,180.0,N.TO2H,0.0618018530656333,,0,0
2014,20140312050400,SITH10,180.0,N.TO2H,0.0618018530656333,,0,0
2014,20140301052200,SITH10,78.5,N.TO2H,0.0618018530656333,,0,0
2014,20140301052200,SITH10,180.0,N.TO2H,0.0618018530656333,,0,0
2014,20140206004600,SITH10,78.5,N.TO2H,0.0618018530656333,,0,0
2014,20140206004600,SITH10,180.0,N.TO2H,0.0618018530656333,,0,0
2014,20140124011000,SITH10,180.0,N.TO2H,0.0618018530656333,,0,0
2014,20140123182000,CHB025,74.0,N.CKRH,0.0240332655417541,U;X;Y,1,0
2014,20140117185300,CHB025,74.0,N.CKRH,0.0240332655417541,U;X;Y,1,0
2014,20140103105000,SITH10,78.5,N.TO2H,0.0618018530656333,,0,0
2014,20140103105000,SITH10,180.0,N.TO2H,0.0618018530656333,,0,0
2014,20140513103300,SITH10,180.0,N.TO2H,0.0618018530656333,,0,0
2014,20140418075300,SITH10,78.5,N.TO2H,0.0618018530656333,,0,0
2014,20140418075300,SITH10,180.0,N.TO2H,0.0618018530656333,,0,0
2014,20140410131900,SITH10,78.5,N.TO2H,0.0618018530656333,,0,0
2014,20140410131900,SITH10,180.0,N.TO2H,0.0618018530656333,,0,0
2014,20140219002900,SITH10,78.5,N.TO2H,0.0618018530656333,,0,0
2014,20140219002900,SITH10,180.0,N.TO2H,0.0618018530656333,,0,0
2015,20151222211800,SITH10,78.5,N.TO2H,0.0618018530656333,,0,0
2015,20151222211800,SITH10,180.0,N.TO2H,0.0618018530656333,,0,0
2015,20151204093700,SITH10,78.5,N.TO2H,0.0618018530656333,,0,0
2015,20151204093700,SITH10,180.0,N.TO2H,0.0618018530656333,,0,0
2015,20151202010700,SITH10,78.5,N.TO2H,0.0618018530656333,,0,0
2015,20151202010700,SITH10,180.0,N.TO2H,0.0618018530656333,,0,0
2015,20150912054900,CHB025,74.0,N.CKRH,0.0240332655417541,U;X;Y,1,0
2015,20150912054900,SITH10,78.5,N.TO2H,0.0618018530656333,,0,0
2015,20150912054900,SITH10,180.0,N.TO2H,0.0618018530656333,,0,0
2015,20150902161600,SITH10,78.5,N.TO2H,0.0618018530656333,,0,0
2015,20150902161600,SITH10,180.0,N.TO2H,0.0618018530656333,,0,0
2015,20150810184400,SITH10,78.5,N.TO2H,0.0618018530656333,,0,0
2015,20150806182200,SITH10,78.5,N.TO2H,0.0618018530656333,,0,0
2015,20150806182200,SITH10,180.0,N.TO2H,0.0618018530656333,,0,0
2015,20150729213500,SITH10,78.5,N.TO2H,0.0618018530656333,,0,0
2015,20150710093900,SITH10,78.5,N.TO2H,0.0618018530656333,,0,0
2015,20150710093900,SITH10,180.0,N.TO2H,0.0618018530656333,,0,0
2015,20150710011500,SITH10,78.5,N.TO2H,0.0618018530656333,,0,0
2015,20150710011500,SITH10,180.0,N.TO2H,0.0618018530656333,,0,0
2015,20150706183000,SITH10,78.5,N.TO2H,0.0618018530656333,,0,0
2015,20150706183000,SITH10,180.0,N.TO2H,0.0618018530656333,,0,0
2015,20150609054400,SITH10,78.5,N.TO2H,0.0618018530656333,,0,0
2015,20150609054400,SITH10,180.0,N.TO2H,0.0618018530656333,,0,0
2015,20150530010600,SITH10,78.5,N.TO2H,0.0618018530656333,,0,0
2015,20150530010600,SITH10,180.0,N.TO2H,0.0618018530656333,,0,0
2015,20150525142800,SITH10,180.0,N.TO2H,0.0618018530656333,,0,0
2015,20150513224500,SITH10,78.5,N.TO2H,0.0618018530656333,,0,0
2015,20150513224500,SITH10,180.0,N.TO2H,0.0618018530656333,,0,0
2015,20150503155400,SITH10,180.0,N.TO2H,0.0618018530656333,,0,0
2015,20150420010000,AICH23,3.0,N.TK2H,0.0,,0,0
2015,20150331125900,SITH10,180.0,N.TO2H,0.0618018530656333,,0,0
2015,20150325162600,SITH10,78.5,N.TO2H,0.0618018530656333,,0,0
2015,20150325162600,SITH10,180.0,N.TO2H,0.0618018530656333,,0,0
2015,20150324135300,SITH10,78.5,N.TO2H,0.0618018530656333,,0,0
2015,20150324135300,SITH10,180.0,N.TO2H,0.0618018530656333,,0,0
2015,20150323214000,SITH10,180.0,N.TO2H,0.0618018530656333,,0,0
2015,20150320015600,SITH10,78.5,N.TO2H,0.0618018530656333,,0,0
2015,20150320015600,SITH10,180.0,N.TO2H,0.0618018530656333,,0,0
2015,20150225062800,SITH10,78.5,N.TO2H,0.0618018530656333,,0,0
2015,20150225062800,SITH10,180.0,N.TO2H,0.0618018530656333,,0,0
2015,20150207151900,SITH10,180.0,N.TO2H,0.0618018530656333,,0,0
2015,20150130203100,SITH10,78.5,N.TO2H,0.0618018530656333,,0,0
2015,20150130203100,SITH10,180.0,N.TO2H,0.0618018530656333,,0,0
2015,20150126072000,SITH10,78.5,N.TO2H,0.0618018530656333,,0,0
2015,20150126072000,SITH10,180.0,N.TO2H,0.0618018530656333,,0,0
2015,20150101155600,SITH10,180.0,N.TO2H,0.0618018530656333,,0,0
2015,20151025171500,SITH10,78.5,N.TO2H,0.0618018530656333,,0,0
2015,20151025171500,SITH10,180.0,N.TO2H,0.0618018530656333,,0,0
2016,20161228213800,SITH10,180.0,N.TO2H,0.0618018530656333,,0,0
2016,20161226045200,SITH10,78.5,N.TO2H,0.0618018530656333,,0,0
2016,20161122055900,SITH10,180.0,N.TO2H,0.0618018530656333,,0,0
2016,20161025201200,CHB025,74.0,N.CKRH,0.0240332655417541,U;X;Y,1,0
2016,20161020201200,SITH10,78.5,N.TO2H,0.0618018530656333,,0,0
2016,20161020201200,SITH10,180.0,N.TO2H,0.0618018530656333,,0,0
2016,20161019234000,SITH10,78.5,N.TO2H,0.0618018530656333,,0,0
2016,20161019234000,SITH10,180.0,N.TO2H,0.0618018530656333,,0,0
2016,20160913191200,CHB025,74.0,N.CKRH,0.0240332655417541,U;X;Y,1,0
2016,20160913191200,SITH10,78.5,N.TO2H,0.0618018530656333,,0,0
2016,20160913191200,SITH10,180.0,N.TO2H,0.0618018530656333,,0,0
2016,20160907132800,SITH10,78.5,N.TO2H,0.0618018530656333,,0,0
2016,20160907132800,SITH10,180.0,N.TO2H,0.0618018530656333,,0,0
2016,20160827224600,SITH10,78.5,N.TO2H,0.0618018530656333,,0,0
2016,20160814051500,CHB025,74.0,N.CKRH,0.0240332655417541,U;X;Y,1,0
2016,20160727234700,SITH10,78.5,N.TO2H,0.0618018530656333,,0,0
2016,20160727234700,SITH10,180.0,N.TO2H,0.0618018530656333,,0,0
2016,20160720072500,SITH10,78.5,N.TO2H,0.0618018530656333,,0,0
2016,20160720072500,SITH10,180.0,N.TO2H,0.0618018530656333,,0,0
2016,20160719235500,SITH10,78.5,N.TO2H,0.0618018530656333,,0,0
2016,20160719125700,CHB025,74.0,N.CKRH,0.0240332655417541,U;X;Y,1,0
2016,20160717132400,SITH10,78.5,N.TO2H,0.0618018530656333,,0,0
2016,20160713074600,SITH10,78.5,N.TO2H,0.0618018530656333,,0,0
2016,20160713074600,SITH10,180.0,N.TO2H,0.0618018530656333,,0,0
2016,20160709062800,SITH10,78.5,N.TO2H,0.0618018530656333,,0,0
2016,20160709062800,SITH10,180.0,N.TO2H,0.0618018530656333,,0,0
2016,20160704224800,SITH10,180.0,N.TO2H,0.0618018530656333,,0,0
2016,20160701062600,SITH10,78.5,N.TO2H,0.0618018530656333,,0,0
2016,20160612075400,SITH10,78.5,N.TO2H,0.0618018530656333,,0,0
2016,20160607130100,SITH10,78.5,N.TO2H,0.0618018530656333,,0,0
2016,20160607130100,SITH10,180.0,N.TO2H,0.0618018530656333,,0,0
2016,20160528181000,SITH10,78.5,N.TO2H,0.0618018530656333,,0,0
2016,20160517065700,SITH10,78.5,N.TO2H,0.0618018530656333,,0,0
2016,20160517065700,SITH10,180.0,N.TO2H,0.0618018530656333,,0,0
2016,20160517065500,SITH10,78.5,N.TO2H,0.0618018530656333,,0,0
2016,20160517065500,SITH10,180.0,N.TO2H,0.0618018530656333,,0,0
2016,20160414205800,SITH10,78.5,N.TO2H,0.0618018530656333,,0,0
2016,20160414205800,SITH10,180.0,N.TO2H,0.0618018530656333,,0,0
2016,20160410233200,SITH10,78.5,N.TO2H,0.0618018530656333,,0,0
2016,20160410233200,SITH10,180.0,N.TO2H,0.0618018530656333,,0,0
2016,20160331121100,SITH10,78.5,N.TO2H,0.0618018530656333,,0,0
2016,20160331121100,SITH10,180.0,N.TO2H,0.0618018530656333,,0,0
2016,20160331114800,SITH10,78.5,N.TO2H,0.0618018530656333,,0,0
2016,20160331114800,SITH10,180.0,N.TO2H,0.0618018530656333,,0,0
2016,20160210204700,SITH10,180.0,N.TO2H,0.0618018530656333,,0,0
2016,20160207192700,SITH10,180.0,N.TO2H,0.0618018530656333,,0,0
2016,20160205074100,SITH10,78.5,N.TO2H,0.0618018530656333,,0,0
2016,20160205074100,SITH10,180.0,N.TO2H,0.0618018530656333,,0,0
2016,20160115042900,SITH10,78.5,N.TO2H,0.0618018530656333,,0,0
2016,20160115042900,SITH10,180.0,N.TO2H,0.0618018530656333,,0,0
2016,20161203051600,SITH10,78.5,N.TO2H,0.0618018530656333,,0,0
2016,20161203051600,SITH10,180.0,N.TO2H,0.0618018530656333,,0,0
2016,20161012080500,CHB025,74.0,N.CKRH,0.0240332655417541,U;X;Y,1,0
2016,20160516212300,SITH10,78.5,N.TO2H,0.0618018530656333,,0,0
2016,20160320160100,SITH10,78.5,N.TO2H,0.0618018530656333,,0,0
2016,20160320160100,SITH10,180.0,N.TO2H,0.0618018530656333,,0,0
2017,20171227220500,CHB025,74.0,N.CKRH,0.0240332655417541,U;X;Y,1,0
2017,20171227220500,SITH10,78.5,N.TO2H,0.0618018530656333,,0,0
2017,20171227220500,SITH10,180.0,N.TO2H,0.0618018530656333,,0,0
2017,20171215114200,CHB025,74.0,N.CKRH,0.0240332655417541,U;X;Y,1,0
2017,20171130220200,SITH10,180.0,N.TO2H,0.0618018530656333,,0,0
2017,20171110003700,SITH10,78.5,N.TO2H,0.0618018530656333,,0,0
2017,20171110003700,SITH10,180.0,N.TO2H,0.0618018530656333,,0,0
2017,20171105163000,SITH10,180.0,N.TO2H,0.0618018530656333,,0,0
2017,20171018074000,SITH10,78.5,N.TO2H,0.0618018530656333,,0,0
2017,20171006235600,SITH10,78.5,N.TO2H,0.0618018530656333,,0,0
2017,20171006235600,SITH10,180.0,N.TO2H,0.0618018530656333,,0,0
2017,20171006165900,SITH10,180.0,N.TO2H,0.0618018530656333,,0,0
2017,20170917065800,SITH10,180.0,N.TO2H,0.0618018530656333,,0,0
2017,20170911005100,SITH10,78.5,N.TO2H,0.0618018530656333,,0,0
2017,20170911005100,SITH10,180.0,N.TO2H,0.0618018530656333,,0,0
2017,20170813020700,SITH10,78.5,N.TO2H,0.0618018530656333,,0,0
2017,20170810093600,CHB025,74.0,N.CKRH,0.0240332655417541,U;X;Y,1,0
2017,20170810093600,SITH10,180.0,N.TO2H,0.0618018530656333,,0,0
2017,20170802071600,SITH10,78.5,N.TO2H,0.0618018530656333,,0,0
2017,20170802071600,SITH10,180.0,N.TO2H,0.0618018530656333,,0,0
2017,20170721160700,SITH10,78.5,N.TO2H,0.0618018530656333,,0,0
2017,20170721160700,SITH10,180.0,N.TO2H,0.0618018530656333,,0,0
2017,20170712091300,SITH10,180.0,N.TO2H,0.0618018530656333,,0,0
2017,20170712023600,SITH10,180.0,N.TO2H,0.0618018530656333,,0,0
2017,20170619012300,SITH10,78.5,N.TO2H,0.0618018530656333,,0,0
2017,20170619012300,SITH10,180.0,N.TO2H,0.0618018530656333,,0,0
2017,20170415004600,SITH10,78.5,N.TO2H,0.0618018530656333,,0,0
2017,20170415004600,SITH10,180.0,N.TO2H,0.0618018530656333,,0,0
2017,20170412031000,SITH10,78.5,N.TO2H,0.0618018530656333,,0,0
2017,20170412031000,SITH10,180.0,N.TO2H,0.0618018530656333,,0,0
2017,20170324012900,SITH10,78.5,N.TO2H,0.0618018530656333,,0,0
2017,20170324012900,SITH10,180.0,N.TO2H,0.0618018530656333,,0,0
2017,20170228164900,SITH10,78.5,N.TO2H,0.0618018530656333,,0,0
2017,20170226051100,SITH10,78.5,N.TO2H,0.0618018530656333,,0,0
2017,20170226051100,SITH10,180.0,N.TO2H,0.0618018530656333,,0,0
2017,20170225101800,SITH10,78.5,N.TO2H,0.0618018530656333,,0,0
2017,20170112093600,SITH10,78.5,N.TO2H,0.0618018530656333,,0,0
2017,20170112093600,SITH10,180.0,N.TO2H,0.0618018530656333,,0,0
2017,20170105004400,SITH10,78.5,N.TO2H,0.0618018530656333,,0,0
2017,20170105004400,SITH10,180.0,N.TO2H,0.0618018530656333,,0,0
2018,20181212175000,SITH10,78.5,N.TO2H,0.0618018530656333,,0,0
2018,20181204150600,CHB025,74.0,N.CKRH,0.0240332655417541,U;X;Y,1,0
2018,20181127083300,SITH10,78.5,N.TO2H,0.0618018530656333,,0,0
2018,20181127083300,SITH10,180.0,N.TO2H,0.0618018530656333,,0,0
2018,20180918171100,SITH10,78.5,N.TO2H,0.0618018530656333,,0,0
2018,20180918171100,SITH10,180.0,N.TO2H,0.0618018530656333,,0,0
2018,20180910235800,CHB025,74.0,N.CKRH,0.0240332655417541,U;X;Y,1,0
2018,20180829143000,SITH10,180.0,N.TO2H,0.0618018530656333,,0,0
2018,20180814123500,CHB025,74.0,N.CKRH,0.0240332655417541,U;X;Y,1,0
2018,20180805164100,SITH10,78.5,N.TO2H,0.0618018530656333,,0,0
2018,20180805164100,SITH10,180.0,N.TO2H,0.0618018530656333,,0,0
2018,20180707202300,CHB025,74.0,N.CKRH,0.0240332655417541,U;X;Y,1,0
2018,20180629140500,CHB025,74.0,N.CKRH,0.0240332655417541,U;X;Y,1,0
2018,20180617152700,SITH10,78.5,N.TO2H,0.0618018530656333,,0,0
2018,20180604201900,SITH10,78.5,N.TO2H,0.0618018530656333,,0,0
2018,20180604201900,SITH10,180.0,N.TO2H,0.0618018530656333,,0,0
2018,20180602150400,SITH10,78.5,N.TO2H,0.0618018530656333,,0,0
2018,20180602150400,SITH10,180.0,N.TO2H,0.0618018530656333,,0,0
2018,20180515140000,SITH10,78.5,N.TO2H,0.0618018530656333,,0,0
2018,20180515140000,SITH10,180.0,N.TO2H,0.0618018530656333,,0,0
2018,20180505234600,SITH10,78.5,N.TO2H,0.0618018530656333,,0,0
2018,20180505234600,SITH10,180.0,N.TO2H,0.0618018530656333,,0,0
2018,20180504021700,SITH10,180.0,N.TO2H,0.0618018530656333,,0,0
2018,20180330081700,SITH10,78.5,N.TO2H,0.0618018530656333,,0,0
2018,20180330081700,SITH10,180.0,N.TO2H,0.0618018530656333,,0,0
2018,20180319114500,CHB025,74.0,N.CKRH,0.0240332655417541,U;X;Y,1,0
2018,20180227080800,SITH10,78.5,N.TO2H,0.0618018530656333,,0,0
2018,20180227080800,SITH10,180.0,N.TO2H,0.0618018530656333,,0,0
2018,20180217001300,SITH10,78.5,N.TO2H,0.0618018530656333,,0,0
2018,20180106054800,CHB025,74.0,N.CKRH,0.0240332655417541,U;X;Y,1,0
2018,20180106005400,CHB025,74.0,N.CKRH,0.0240332655417541,U;X;Y,1,0
2018,20180106005400,SITH10,78.5,N.TO2H,0.0618018530656333,,0,0
2018,20180106005400,SITH10,180.0,N.TO2H,0.0618018530656333,,0,0
2018,20180102194800,CHB025,74.0,N.CKRH,0.0240332655417541,U;X;Y,1,0
2018,20180102194800,SITH10,78.5,N.TO2H,0.0618018530656333,,0,0
2018,20180102194800,SITH10,180.0,N.TO2H,0.0618018530656333,,0,0
2018,20180612050900,CHB025,74.0,N.CKRH,0.0240332655417541,U;X;Y,1,0
2018,20180318125900,CHB025,74.0,N.CKRH,0.0240332655417541,U;X;Y,1,0
2018,20180318125900,SITH10,78.5,N.TO2H,0.0618018530656333,,0,0
2018,20180208233400,SITH10,78.5,N.TO2H,0.0618018530656333,,0,0
2018,20180208233400,SITH10,180.0,N.TO2H,0.0618018530656333,,0,0
2019,20191214032400,CHB025,74.0,N.CKRH,0.0240332655417541,U;X;Y,1,0
2019,20191012182200,CHB025,74.0,N.CKRH,0.0240332655417541,U;X;Y,1,0
2019,20191009164800,SITH10,180.0,N.TO2H,0.0618018530656333,,0,0
2019,20191001180700,SITH10,78.5,N.TO2H,0.0618018530656333,,0,0
2019,20191001180700,SITH10,180.0,N.TO2H,0.0618018530656333,,0,0
2019,20190831180300,SITH10,78.5,N.TO2H,0.0618018530656333,,0,0
2019,20190831180300,SITH10,180.0,N.TO2H,0.0618018530656333,,0,0
2019,20190823204900,CHB025,74.0,N.CKRH,0.0240332655417541,U;X;Y,1,0
2019,20190804192300,SITH10,78.5,N.TO2H,0.0618018530656333,,0,0
2019,20190804192300,SITH10,180.0,N.TO2H,0.0618018530656333,,0,0
2019,20190725071400,CHB025,74.0,N.CKRH,0.0240332655417541,U;X;Y,1,0
2019,20190722103900,KMMH18,854.038,N.AS2H,0.0,,0,0
2019,20190722103900,KMMH18,932.0,N.AS2H,0.0,,0,0
2019,20190708225400,SITH10,78.5,N.TO2H,0.0618018530656333,,0,0
2019,20190708225400,SITH10,180.0,N.TO2H,0.0618018530656333,,0,0
2019,20190707095600,KMMH18,854.038,N.AS2H,0.0,,0,0
2019,20190707095600,KMMH18,932.0,N.AS2H,0.0,,0,0
2019,20190627220800,SITH10,78.5,N.TO2H,0.0618018530656333,,0,0
2019,20190627220800,SITH10,180.0,N.TO2H,0.0618018530656333,,0,0
2019,20190620015500,CHB025,74.0,N.CKRH,0.0240332655417541,U;X;Y,1,0
2019,20190617080000,SITH10,78.5,N.TO2H,0.0618018530656333,,0,0
2019,20190617080000,SITH10,180.0,N.TO2H,0.0618018530656333,,0,0
2019,20190615181000,KMMH18,854.038,N.AS2H,0.0,,0,0
2019,20190615181000,KMMH18,932.0,N.AS2H,0.0,,0,0
2019,20190608124600,SITH10,78.5,N.TO2H,0.0618018530656333,,0,0
2019,20190608124600,SITH10,180.0,N.TO2H,0.0618018530656333,,0,0
2019,20190525152000,CHB025,74.0,N.CKRH,0.0240332655417541,U;X;Y,1,0
2019,20190523192000,KMMH18,854.038,N.AS2H,0.0,,0,0
2019,20190523192000,KMMH18,932.0,N.AS2H,0.0,,0,0
2019,20190520074900,CHB025,74.0,N.CKRH,0.0240332655417541,U;X;Y,1,0
2019,20190514052900,KMMH18,854.038,N.AS2H,0.0,,0,0
2019,20190514052900,KMMH18,932.0,N.AS2H,0.0,,0,0
2019,20190405172300,CHB025,74.0,N.CKRH,0.0240332655417541,U;X;Y,1,0
2019,20190320183100,KMMH18,854.038,N.AS2H,0.0,,0,0
2019,20190320183100,KMMH18,932.0,N.AS2H,0.0,,0,0
2019,20190318032400,CHB025,74.0,N.CKRH,0.0240332655417541,U;X;Y,1,0
2019,20190303200400,SITH10,78.5,N.TO2H,0.0618018530656333,,0,0
2019,20190303200400,SITH10,180.0,N.TO2H,0.0618018530656333,,0,0
2019,20190220202400,SITH10,78.5,N.TO2H,0.0618018530656333,,0,0
2019,20190220202400,SITH10,180.0,N.TO2H,0.0618018530656333,,0,0
2019,20190219170600,SITH10,78.5,N.TO2H,0.0618018530656333,,0,0
2019,20190219170600,SITH10,180.0,N.TO2H,0.0618018530656333,,0,0
2019,20190206172600,SITH10,78.5,N.TO2H,0.0618018530656333,,0,0
2019,20190206172600,SITH10,180.0,N.TO2H,0.0618018530656333,,0,0
2019,20190129124200,CHB025,74.0,N.CKRH,0.0240332655417541,U;X;Y,1,0
2019,20190114132300,SITH10,78.5,N.TO2H,0.0618018530656333,,0,0
2019,20190114132300,SITH10,180.0,N.TO2H,0.0618018530656333,,0,0
2019,20190108013500,CHB025,74.0,N.CKRH,0.0240332655417541,U;X;Y,1,0
2019,20190102184400,SITH10,78.5,N.TO2H,0.0618018530656333,,0,0
2019,20190102184400,SITH10,180.0,N.TO2H,0.0618018530656333,,0,0
2019,20190601075800,CHB025,74.0,N.CKRH,0.0240332655417541,U;X;Y,1,0
2020,20200920194800,CHB025,74.0,N.CKRH,0.0240332655417541,U;X;Y,1,0
2020,20200810092400,CHB025,74.0,N.CKRH,0.0240332655417541,U;X;Y,1,0
2020,20200804202100,CHB025,74.0,N.CKRH,0.0240332655417541,U;X;Y,1,0
2020,20200625044700,CHB025,74.0,N.CKRH,0.0240332655417541,U;X;Y,1,0
2020,20200616082700,CHB025,74.0,N.CKRH,0.0240332655417541,U;X;Y,1,0
2020,20200506015700,CHB025,74.0,N.CKRH,0.0240332655417541,U;X;Y,1,0
2021,20211120085700,CHB025,74.0,N.CKRH,0.0240332655417541,U;X;Y,1,0
2021,20211007224100,CHB025,74.0,N.CKRH,0.0240332655417541,U;X;Y,1,0
2021,20210913063100,CHB025,74.0,N.CKRH,0.0240332655417541,U;X;Y,1,0
2021,20210812203600,CHB025,74.0,N.CKRH,0.0240332655417541,U;X;Y,1,0
2021,20210213230800,CHB025,74.0,N.CKRH,0.0240332655417541,U;X;Y,1,0
2022,20221227090900,CHB025,74.0,N.CKRH,0.0240332655417541,U;X;Y,1,0
2022,20221104051600,CHB025,74.0,N.CKRH,0.0240332655417541,U;X;Y,1,0
2022,20221103190400,CHB025,74.0,N.CKRH,0.0240332655417541,U;X;Y,1,0
2022,20220705095100,CHB025,74.0,N.CKRH,0.0240332655417541,U;X;Y,1,0
2022,20220523004200,CHB025,74.0,N.CKRH,0.0240332655417541,U;X;Y,1,0
2022,20220514194800,CHB025,74.0,N.CKRH,0.0240332655417541,U;X;Y,1,0
2022,20220404223000,CHB025,74.0,N.CKRH,0.0240332655417541,U;X;Y,1,0
2022,20220413010700,CHB025,74.0,N.CKRH,0.0240332655417541,U;X;Y,1,0
2022,20220331205200,CHB025,74.0,N.CKRH,0.0240332655417541,U;X;Y,1,0
2023,20230604105800,CHB025,74.0,N.CKRH,0.0240332655417541,U;X;Y,1,0
2023,20230526190300,CHB025,74.0,N.CKRH,0.0240332655417541,U;X;Y,1,0
2023,20230520231100,CHB025,74.0,N.CKRH,0.0240332655417541,U;X;Y,1,0
2023,20230511041600,CHB025,74.0,N.CKRH,0.0240332655417541,U;X;Y,1,0
2024,20241210053300,CHB025,74.0,N.CKRH,0.0240332655417541,U;X;Y,1,0
2024,20241105001000,CHB025,74.0,N.CKRH,0.0240332655417541,U;X;Y,1,0
2024,20241014194600,CHB025,74.0,N.CKRH,0.0240332655417541,U;X;Y,1,0
2024,20240704121200,CHB025,74.0,N.CKRH,0.0240332655417541,U;X;Y,1,0
2024,20240429011600,TCGH19,204.0,N.OT2H,0.0,,0,0
2024,20240425134600,TCGH19,104.0,N.OT2H,0.0,,0,0
2024,20240425134600,TCGH19,204.0,N.OT2H,0.0,,0,0
2024,20240424211600,TCGH19,104.0,N.OT2H,0.0,,0,0
2024,20240424211600,TCGH19,204.0,N.OT2H,0.0,,0,0
2024,20240424204000,TCGH19,104.0,N.OT2H,0.0,,0,0
2024,20240424204000,TCGH19,204.0,N.OT2H,0.0,,0,0
2024,20240419093300,TCGH19,104.0,N.OT2H,0.0,,0,0
2024,20240419093300,TCGH19,204.0,N.OT2H,0.0,,0,0
2024,20240302014900,CHB025,74.0,N.CKRH,0.0240332655417541,U;X;Y,1,0
2024,20240128085900,CHB025,74.0,N.CKRH,0.0240332655417541,U;X;Y,1,0
