year,event_id,sample_role,knet_station,hinet_station,knet_height_m,match_distance_km,event_magnitude,epicentral_distance_km,acceleration_n_samples,acceleration_finite_fraction,acceleration_contains_theoretical_p,velocity_n_samples,velocity_finite_fraction,velocity_start_minus_p_s,velocity_end_minus_p_s,velocity_median_dt_s,velocity_gap_count,velocity_nonmonotonic_count,velocity_contains_theoretical_p,velocity_covers_requested_window,station_match_distance_km,station_match_threshold_km,station_match_within_threshold,qc_status,qc_fail_reasons,qc_warn_reasons,wave_idx,station_code,sensor_class,station_height_m_hdf5,station_height_m_manifest,record_start_time_jst_hdf5,theoretical_p_time_jst,valid_start_minus_theoretical_p_s,valid_end_minus_theoretical_p_s,p_picks_minus_theoretical_p_s,p_pick_trigger_aligned_minus_theoretical_p_s,p_pick_predicted_aligned_minus_theoretical_p_s,p_pick_repaired_aligned_minus_theoretical_p_s,p_pick_diting_acc_aligned_minus_theoretical_p_s,p_pick_diting_vel_aligned_minus_theoretical_p_s,p_pick_refined_aligned_minus_theoretical_p_s,pga_norm_aligned_loc_minus_theoretical_p_s,archive_checksum_ok,velocity_source,velocity_status,acceleration_pre_p_rms,acceleration_post_p_rms,acceleration_post_pre_ratio,velocity_pre_p_rms_counts,velocity_post_p_rms_counts,velocity_post_pre_ratio,final_pick_minus_theoretical_p_s,velocity_zero_fraction,velocity_unique_fraction,velocity_extreme_repeat_fraction,velocity_min_counts,velocity_max_counts
2004,20040401054100,earliest_closest,IWTH04,N.SMTH,514.0,0.0,3.7,34.93741696117409,13036,1.0,1,24000,1.0,-119.99176359176636,119.99823641777039,0.009999990463256836,0,0,1,1,0.0,0.5,1,PASS,,,10,IWTH04,borehole,514.0,514.0,2004-04-01T05:41:16+09:00,2004-04-01T05:41:21.351763+09:00,-5.351763486862183,114.63823652267456,0.18823647499084473,9.648236513137817,-0.02176356315612793,-0.02176356315612793,,0.18823647499084473,0.18823647499084473,8.818236589431763,1,annual_hdf5,loaded,3.5369129438505656e-05,0.0004280446733555015,12.102211169763708,93.04677940635419,17337.980742904674,186.33617255236948,0.18823647499084473,0.0,0.26316666666666666,4.1666666666666665e-05,-108847.0,115461.0
2004,20041024121600,midyear_median,NIGH11,N.KWNH,-40.0,0.0,3.6,20.943842653459587,13658,1.0,1,24000,1.0,-119.99138236045837,119.99861764907837,0.009999990463256836,0,0,1,1,0.0,0.5,1,PASS,,,7,NIGH11,borehole,-40.0,-40.0,2004-10-24T12:16:09+09:00,2004-10-24T12:16:19.571382+09:00,-10.571382284164429,109.41861772537231,0.3786177635192871,4.428617715835571,-0.03138232231140137,-0.03138232231140137,0.3786177635192871,0.3786177635192871,0.3786177635192871,4.958617687225342,1,annual_hdf5,loaded,9.865725816639095e-05,0.000833960086920876,8.453104236024439,372.0165743336544,38806.490325743194,104.31387471177135,0.3786177635192871,0.000125,0.552875,4.1666666666666665e-05,-160359.0,135167.0
2004,20041231173000,latest_farthest,KSRH07,N.TRSH,-184.0,0.0137653417971215,4.3,401.23842871379446,17815,1.0,0,24000,1.0,-119.99488949775696,119.99511051177979,0.009999990463256836,0,0,1,1,0.0137653417971215,0.5,1,FAIL,theoretical_P_outside_acc_record,,40,KSRH07,borehole,-184.0,-184.0,2004-12-31T17:31:42+09:00,2004-12-31T17:31:18.144890+09:00,23.85511040687561,143.84511041641235,26.405110359191895,38.85511040687561,-0.03488969802856445,23.85511040687561,,26.405110359191895,26.405110359191895,37.97511029243469,1,annual_hdf5,loaded,0.0,5.310322588063026e-05,,1017.7000628351838,2146.4426594561833,2.109111257669048,26.405110359191895,4.1666666666666665e-05,0.35075,4.1666666666666665e-05,-28609.0,31810.0
2005,20050101051400,earliest_closest,AKTH06,N.OGCH,185.0,0.0,5.0,248.01264997466544,15692,1.0,1,24000,1.0,-119.99532437324524,119.9946756362915,0.009999990463256836,0,0,1,1,0.0,0.5,1,PASS,,,34,AKTH06,borehole,185.0,185.0,2005-01-01T05:14:17+09:00,2005-01-01T05:14:24.915324+09:00,-7.915324449539185,112.07467555999756,-0.3153245449066162,7.084675550460815,-0.01532435417175293,-0.01532435417175293,-0.3153245449066162,-0.3153245449066162,-0.3153245449066162,28.654675483703613,1,annual_hdf5,loaded,2.4835602915370426e-05,0.0006420443104613098,25.85177064753105,132.93794159602996,50568.33400032409,380.3905295449095,-0.3153245449066162,0.0,0.4861666666666667,4.1666666666666665e-05,-226335.0,281394.0
2005,20050512042300,midyear_median,MYZH13,N.MJSH,152.0,0.0,4.5,96.5720305909346,14094,1.0,1,24000,1.0,-119.99071383476257,119.99928617477417,0.009999990463256836,0,0,1,1,0.0,0.5,1,PASS,,,40,MYZH13,surface,152.0,152.0,2005-05-12T04:23:06+09:00,2005-05-12T04:23:06.930714+09:00,-0.9307138919830322,119.05928611755371,-0.04071378707885742,14.069286108016968,-0.0007138252258300781,-0.0007138252258300781,-0.14071393013000488,-0.04071378707885742,-0.04071378707885742,15.52928614616394,1,annual_hdf5,loaded,0.0,0.001507135717508167,,256.88254125183363,41507.306790339135,161.58087890312342,-0.04071378707885742,8.333333333333333e-05,0.480875,4.1666666666666665e-05,-176957.0,124644.0
2005,20051231233200,latest_farthest,TCGH16,N.HGAH,105.0,0.0,4.1,69.26070897634821,13918,1.0,1,24000,1.0,-119.99660015106201,119.99339985847473,0.009999990463256836,0,0,1,1,0.0,0.5,1,PASS,,,40,TCGH16,surface,105.0,105.0,2005-12-31T23:32:41+09:00,2005-12-31T23:32:42.176600+09:00,-1.1766002178192139,118.81339979171753,0.21339988708496094,13.823399782180786,0.0033998489379882812,0.0033998489379882812,0.22339987754821777,0.21339988708496094,0.21339988708496094,14.953399896621704,1,annual_hdf5,loaded,4.438030894000157e-06,0.0014746174049538935,332.26839564083514,189.55689605526163,28815.62935162097,152.0157269468072,0.21339988708496094,0.0,0.42845833333333333,4.1666666666666665e-05,-130611.0,138285.0
2006,20060101163300,earliest_closest,HRSH16,N.YSHH,180.0,0.0,3.0,22.40233422307401,12700,1.0,1,24000,1.0,-119.9931709766388,119.99682903289795,0.009999990463256836,0,0,1,1,0.0,0.5,1,PASS,,,1,HRSH16,borehole,180.0,180.0,2006-01-01T16:33:30+09:00,2006-01-01T16:33:41.383171+09:00,-11.383171081542969,108.60682892799377,0.006829023361206055,3.6168289184570312,-0.013171195983886719,-0.013171195983886719,0.01682901382446289,0.006829023361206055,0.006829023361206055,2.9768288135528564,1,annual_hdf5,loaded,3.1051326744023424e-05,0.0007158190476909865,23.052768520712664,94.94876457720154,12991.320470298622,136.8245340331475,0.006829023361206055,4.1666666666666665e-05,0.14420833333333333,4.1666666666666665e-05,-299499.0,190666.0
2006,20060610010500,midyear_median,SZOH39,N.NS2H,130.0,0.0,3.1,20.214538102570955,12500,1.0,1,24000,1.0,-119.99846291542053,119.99153709411621,0.009999990463256836,0,0,1,1,0.0,0.5,1,PASS,,,2,SZOH39,surface,130.0,130.0,2006-06-10T01:05:25+09:00,2006-06-10T01:05:37.808463+09:00,-12.808462858200073,107.18153715133667,-0.1284627914428711,2.1915371417999268,0.0015370845794677734,0.0015370845794677734,-0.13846278190612793,-0.1284627914428711,-0.1284627914428711,4.2715370655059814,1,annual_hdf5,loaded,5.0216171000898874e-05,0.0022419539824746534,44.64605599727072,350.87953623340366,23039.98606212686,65.66352175864925,-0.1284627914428711,0.000625,0.22491666666666665,4.1666666666666665e-05,-190164.0,168239.0
2006,20061231083000,latest_farthest,CHB025,N.CKRH,74.0,0.0240332655417541,4.9,59.15893522648032,13700,1.0,1,24000,1.0,-119.996413230896,119.99358677864075,0.009999990463256836,0,0,1,1,0.0240332655417541,0.5,1,PASS,,,14,CHB025,single_surface,74.0,74.0,2006-12-31T08:30:05+09:00,2006-12-31T08:30:12.996413+09:00,-7.996413230895996,60.99358677864075,0.4235868453979492,7.003586769104004,-0.00641322135925293,-0.00641322135925293,0.3835868835449219,0.4235868453979492,0.4235868453979492,10.363586664199829,1,annual_hdf5,loaded,1.0707729312327606e-05,0.007310350887051316,682.7171918359056,8581.172289777318,5151649.57416574,600.3433330784954,0.4235868453979492,0.0,0.9177083333333333,4.1666666666666665e-05,-25545297.0,22017043.0
2007,20070101005000,earliest_closest,KGWH05,N.UUMH,-413.0,0.0,3.2,10.49608944553899,13000,1.0,1,24000,1.0,-119.99459266662598,119.99540734291077,0.009999990463256836,0,0,1,1,0.0,0.5,1,PASS,,,7,KGWH05,borehole,-413.0,-413.0,2007-01-01T00:49:57+09:00,2007-01-01T00:50:09.654593+09:00,-12.654592752456665,107.33540725708008,-0.044592857360839844,2.345407247543335,-0.07459282875061035,-0.07459282875061035,-0.1445927619934082,-0.044592857360839844,-0.044592857360839844,1.7954072952270508,1,annual_hdf5,loaded,2.754790833790108e-05,0.0007831621257102529,28.42909581751292,82.54612426745999,22848.756878059397,276.79987498900016,-0.044592857360839844,0.0,0.15904166666666666,4.1666666666666665e-05,-286309.0,323573.0
2007,20070611062700,midyear_median,ISKH06,N.SHKH,20.0,0.0,3.8,27.005437396300028,13739,1.0,1,24000,1.0,-119.9923243522644,119.99767565727234,0.009999990463256836,0,0,1,1,0.0,0.5,1,PASS,,,6,ISKH06,surface,20.0,20.0,2007-06-11T06:27:19+09:00,2007-06-11T06:27:33.382324+09:00,-14.382324457168579,105.60767555236816,0.19767546653747559,0.6176755428314209,-0.002324342727661133,-0.002324342727661133,0.18767547607421875,0.19767546653747559,0.19767546653747559,4.747675657272339,1,annual_hdf5,loaded,3.855419521264946e-05,0.0021448678277840648,55.632540530384176,92.13307023853567,34394.16019226714,373.3096064553095,0.19767546653747559,4.1666666666666665e-05,0.2909583333333333,4.1666666666666665e-05,-223059.0,224956.0
2007,20071229170500,latest_farthest,YMTH07,N.YNZH,352.0,0.0,3.6,89.33633917085912,8000,1.0,1,24000,1.0,-119.9926347732544,119.99736523628235,0.009999990463256836,0,0,1,1,0.0,0.5,1,PASS,,,30,YMTH07,surface,352.0,352.0,2007-12-29T17:06:13+09:00,2007-12-29T17:06:13.522635+09:00,-0.522634744644165,59.46736526489258,0.19736528396606445,14.477365255355835,-0.002634763717651367,-0.002634763717651367,,0.19736528396606445,0.19736528396606445,15.89736533164978,1,annual_hdf5,loaded,0.0,0.0006192318746632314,,618.0645350395735,7207.277683194027,11.661043911429992,0.19736528396606445,0.0004166666666666667,0.233875,4.1666666666666665e-05,-51298.0,49002.0
2008,20080102012000,earliest_closest,HDKH02,N.BREH,120.0,0.0,4.2,67.46579548911635,12200,1.0,1,24000,1.0,-119.99945092201233,119.99054908752441,0.009999990463256836,0,0,1,1,0.0,0.5,1,PASS,,,15,HDKH02,borehole,120.0,120.0,2008-01-02T01:20:06+09:00,2008-01-02T01:20:20.589451+09:00,-14.58945083618164,46.4005491733551,0.09054923057556152,0.4105491638183594,-0.019450902938842773,-0.019450902938842773,0.040549278259277344,0.09054923057556152,0.09054923057556152,12.280549049377441,1,annual_hdf5,loaded,4.95913812507056e-06,0.0008626759959441357,173.95683971433266,132.83693406817088,69393.75545366696,522.3980509671702,0.09054923057556152,0.0014583333333333334,0.4175833333333333,4.1666666666666665e-05,-405815.0,248196.0
2008,20080615142200,midyear_median,IWTH24,N.KGSH,49.9,0.0,3.4,32.31857806742025,18244,1.0,1,24000,1.0,-119.9942467212677,119.99575328826904,0.009999990463256836,0,0,1,1,0.0,0.5,1,PASS,,,16,IWTH24,borehole,49.9,49.9,2008-06-15T14:22:39+09:00,2008-06-15T14:22:53.434247+09:00,-14.43424677848816,105.55575323104858,0.2857532501220703,0.5657532215118408,-0.024246692657470703,-0.024246692657470703,0.2757532596588135,0.2857532501220703,0.2857532501220703,5.875753164291382,1,annual_hdf5,loaded,1.0134802884303194e-05,0.00042105372002668705,41.54532898501815,223.8233102483437,18774.557160778342,83.88115223542619,0.2857532501220703,0.0005833333333333334,0.40925,4.1666666666666665e-05,-70013.0,70452.0
2008,20081231004800,latest_farthest,CHB005,N.CH2H,3.0,0.3897566691745426,4.7,24.845927207890245,13520,1.0,1,24000,1.0,-119.99789190292358,119.99210810661316,0.009999990463256836,0,0,1,1,0.3897566691745426,0.5,1,PASS,,,1,CHB005,single_surface,3.0,3.0,2008-12-31T00:48:25+09:00,2008-12-31T00:48:40.197892+09:00,-15.1978919506073,51.79210805892944,0.10210800170898438,-0.1978919506072998,-0.00789189338684082,-0.00789189338684082,,0.10210800170898438,0.10210800170898438,6.622107982635498,1,annual_hdf5,loaded,0.00011335195171256742,0.00661123866154506,58.32487717820272,795.9450070265698,121884.34820510248,153.13161980929897,0.10210800170898438,0.00025,0.43245833333333333,4.1666666666666665e-05,-704293.0,461054.0
2009,20090101084900,earliest_closest,AOMH01,N.OOMH,-90.0,0.0,4.0,150.8756182659786,14817,1.0,1,24000,1.0,-119.99197220802307,119.99802780151367,0.009999990463256836,0,0,1,1,0.0,0.5,1,PASS,,,12,AOMH01,borehole,-90.0,-90.0,2009-01-01T08:50:05+09:00,2009-01-01T08:50:20.161972+09:00,-15.161972284317017,104.82802772521973,-0.45197224617004395,-0.1619722843170166,-0.011972188949584961,-0.011972188949584961,-0.4319722652435303,-0.45197224617004395,-0.45197224617004395,18.888027667999268,1,annual_hdf5,loaded,6.748894835262659e-06,0.0004500559328487816,66.68587136626584,989.834742187859,34497.97114837818,34.85225328838869,-0.45197224617004395,0.000375,0.45475,4.1666666666666665e-05,-166082.0,157499.0
2009,20090811180900,midyear_median,SZOH25,N.ARIH,-444.0,0.0,4.4,89.69352212986713,14634,1.0,1,24000,1.0,-119.99188756942749,119.99811244010925,0.009999990463256836,0,0,1,1,0.0,0.5,1,PASS,,,53,SZOH25,borehole,-444.0,-444.0,2009-08-11T18:09:45+09:00,2009-08-11T18:09:58.331887+09:00,-13.331887483596802,106.65811252593994,-0.941887378692627,1.6681125164031982,-0.061887502670288086,-0.061887502670288086,,-0.941887378692627,-0.941887378692627,10.798112630844116,1,annual_hdf5,loaded,1.2163831136215031e-05,0.00012244569363530577,10.066375656165734,274.65382134415563,7791.08722716755,28.366935471853164,-0.941887378692627,0.0003333333333333333,0.31683333333333336,4.1666666666666665e-05,-26279.0,31268.0
2009,20091231180300,latest_farthest,MIEH01,N.YOKH,290.0,0.0,3.0,81.89874041286777,14000,1.0,1,24000,1.0,-119.99543642997742,119.99456357955933,0.009999990463256836,0,0,1,1,0.0,0.5,1,PASS,,,2,MIEH01,surface,290.0,290.0,2009-12-31T18:03:16+09:00,2009-12-31T18:03:21.175436+09:00,-5.175436496734619,114.81456351280212,0.09456348419189453,9.82456350326538,0.004563570022583008,0.004563570022583008,,0.09456348419189453,0.09456348419189453,10.834563493728638,1,annual_hdf5,loaded,8.045911266824617e-06,0.0003011068338765729,37.4235837173739,714.5339504290818,2497.665504893186,3.4955169077596993,0.09456348419189453,0.0005416666666666666,0.19525,4.1666666666666665e-05,-14782.0,13459.0
2010,20100104064400,earliest_closest,CHBH19,N.HSNH,1.0,0.0,3.6,74.47435595147776,12300,1.0,1,24000,1.0,-119.99856853485107,119.99143147468567,0.009999990463256836,0,0,1,1,0.0,0.5,1,PASS,,,20,CHBH19,surface,1.0,1.0,2010-01-04T06:44:00+09:00,2010-01-04T06:44:18.398569+09:00,-18.398568630218506,101.59143137931824,0.38143134117126465,-3.398568630218506,0.0014314651489257812,0.0014314651489257812,,0.38143134117126465,0.38143134117126465,13.921431303024292,1,annual_hdf5,loaded,7.054256416543815e-05,0.000850161797042237,12.051756370074905,106.01248933374238,5960.690682043482,56.22630615981841,0.38143134117126465,0.0,0.20533333333333334,4.1666666666666665e-05,-56391.0,33005.0
2010,20100725171100,midyear_median,KMMH05,N.NMNH,693.0,0.0,3.3,12.94120834478113,12800,1.0,1,24000,1.0,-119.99148440361023,119.99851560592651,0.009999990463256836,0,0,1,1,0.0,0.5,1,PASS,,,5,KMMH05,surface,693.0,693.0,2010-07-25T17:11:13+09:00,2010-07-25T17:11:27.861484+09:00,-14.861484289169312,105.12851572036743,-0.0014843940734863281,0.13851571083068848,-0.0014843940734863281,-0.0014843940734863281,-0.011484384536743164,-0.0014843940734863281,-0.0014843940734863281,2.978515625,1,annual_hdf5,loaded,3.7455531135063183e-05,0.007494731578695108,200.09679082294676,60.23416585993455,51579.74398865314,856.3203831625069,-0.0014843940734863281,0.000125,0.23058333333333333,4.1666666666666665e-05,-351176.0,451838.0
2010,20101228220700,latest_farthest,NGN022,N.NGIH,453.0,0.1927620658186798,3.7,80.67596270750718,14220,1.0,1,24000,1.0,-119.9901511669159,119.99984884262085,0.009999990463256836,0,0,1,1,0.1927620658186798,0.5,1,PASS,,,26,NGN022,single_surface,453.0,453.0,2010-12-28T22:07:41+09:00,2010-12-28T22:07:45.190151+09:00,-4.190151214599609,55.799848794937134,0.2998487949371338,10.80984878540039,0.009848833084106445,0.009848833084106445,0.2798488140106201,0.2998487949371338,0.2998487949371338,11.929848670959473,1,annual_hdf5,loaded,1.2004045770533889e-05,0.0014144472534404345,117.8308780621657,254.9822728616329,29251.38865225034,114.71930312631466,0.2998487949371338,0.00075,0.3259166666666667,4.1666666666666665e-05,-167360.0,173950.0
2011,20110101080100,earliest_closest,CHBH13,N.NRTH,-1288.0,0.0,4.7,110.02797014862524,14494,1.0,1,24000,1.0,-119.99605178833008,119.99394822120667,0.009999990463256836,0,0,1,1,0.0,0.5,1,PASS,,,40,CHBH13,borehole,-1288.0,-1288.0,2011-01-01T08:00:59+09:00,2011-01-01T08:01:19.936052+09:00,-20.936051845550537,99.0539481639862,-0.44605183601379395,-5.936051845550537,-0.19605183601379395,-0.19605183601379395,-0.4860517978668213,-0.44605183601379395,-0.44605183601379395,13.32394814491272,1,annual_hdf5,loaded,5.7302652514050175e-06,0.0005290219357024442,92.32067146852094,100.90731808003453,17897.20335525451,177.36278890158752,-0.44605183601379395,0.0015416666666666667,0.401625,4.1666666666666665e-05,-81982.0,103021.0
2011,20110621112800,midyear_median,IWTH15,N.YHBH,73.0,0.0,3.4,39.48214775134722,13600,1.0,1,24000,1.0,-119.99632859230042,119.99367141723633,0.009999990463256836,0,0,1,1,0.0,0.5,1,PASS,,,5,IWTH15,borehole,73.0,73.0,2011-06-21T11:28:06+09:00,2011-06-21T11:28:15.716329+09:00,-9.716328620910645,110.2736713886261,0.09367132186889648,5.2836713790893555,-0.01632857322692871,-0.01632857322692871,0.023671388626098633,0.09367132186889648,0.09367132186889648,5.883671283721924,1,annual_hdf5,loaded,8.513708557955886e-06,0.0001746036869598525,20.508534649884034,239.238965537763,15490.292700021304,64.74820130241793,0.09367132186889648,4.1666666666666665e-05,0.25908333333333333,4.1666666666666665e-05,-66673.0,71178.0
2011,20111231192900,latest_farthest,MYGH10,N.YMMH,18.0,0.0,3.8,117.66077652738367,14100,1.0,1,24000,1.0,-119.99905586242676,119.99094414710999,0.009999990463256836,0,0,1,1,0.0,0.5,1,PASS,,,15,MYGH10,surface,18.0,18.0,2011-12-31T19:29:19+09:00,2011-12-31T19:29:20.819056+09:00,-1.8190557956695557,118.17094421386719,-0.2490558624267578,13.180944204330444,0.0009441375732421875,0.0009441375732421875,-0.2490558624267578,,-0.2490558624267578,13.79094409942627,1,annual_hdf5,loaded,1.4771853724786957e-05,0.0012890044419214435,87.26084524913165,481.4095285830208,13651.721850545691,28.357813960866384,-0.2490558624267578,0.00025,0.34108333333333335,4.1666666666666665e-05,-58942.0,54290.0
2012,20120101002900,earliest_closest,FKSH06,N.INAH,571.9,0.0,4.2,84.90218452356433,14873,1.0,1,24000,1.0,-119.99166560173035,119.9983344078064,0.009999990463256836,0,0,1,1,0.0,0.5,1,PASS,,,19,FKSH06,surface,571.9,571.9,2012-01-01T00:29:03+09:00,2012-01-01T00:29:07.721666+09:00,-4.721665620803833,115.26833438873291,-0.281665563583374,10.278334379196167,-0.0016655921936035156,-0.0016655921936035156,-0.32166552543640137,-0.281665563583374,-0.281665563583374,11.068334341049194,1,annual_hdf5,loaded,6.741323869852727e-06,0.001099542349064281,163.10481001831795,43.22109621347817,20186.862344018034,467.06039671716877,-0.281665563583374,0.002625,0.35520833333333335,4.1666666666666665e-05,-76205.0,89392.0
2012,20120601174800,midyear_median,NIGH14,N.SZWH,185.0,0.0,5.1,144.21851092868818,15091,1.0,1,24000,1.0,-119.99769401550293,119.99230599403381,0.009999990463256836,0,0,1,1,0.0,0.5,1,PASS,,,150,NIGH14,surface,185.0,185.0,2012-06-01T17:48:15+09:00,2012-06-01T17:48:30.907694+09:00,-15.907694101333618,104.08230590820312,-0.07769417762756348,-0.9076941013336182,0.0023059844970703125,0.0023059844970703125,-0.04769420623779297,-0.07769417762756348,-0.07769417762756348,19.902305841445923,1,annual_hdf5,loaded,0.0001234598580662528,0.002452861695948719,19.867686018498656,96.65925773180321,94280.68294225847,975.3921678547907,-0.07769417762756348,4.1666666666666665e-05,0.4895,4.1666666666666665e-05,-361079.0,435424.0
2012,20121231071700,latest_farthest,MYGH13,N.MSRH,90.0,0.0,3.7,60.32302202991044,13492,1.0,1,0,0.0,,,,0,0,0,0,0.0,0.5,1,FAIL,velocity_missing,,23,MYGH13,surface,90.0,90.0,2012-12-31T07:17:30+09:00,2012-12-31T07:17:36.919708+09:00,-6.919708013534546,113.0702919960022,0.10029196739196777,8.080291986465454,0.00029206275939941406,0.00029206275939941406,0.09029197692871094,0.10029196739196777,0.10029196739196777,9.350291967391968,1,annual_hdf5,channel_not_found,7.279742541220849e-05,0.004180482046047283,57.42623482047204,,,,0.10029196739196777,,,,,
2013,20130102210000,earliest_closest,ABSH15,N.OKEH,192.0,0.0,4.3,162.90651442508752,15191,1.0,1,24000,1.0,-119.99734854698181,119.99265146255493,0.009999990463256836,0,0,1,1,0.0,0.5,1,PASS,,,11,ABSH15,borehole,192.0,192.0,2013-01-02T21:00:23+09:00,2013-01-02T21:00:37.907349+09:00,-14.9073486328125,105.08265137672424,-0.44734859466552734,0.0926513671875,-0.017348527908325195,-0.017348527908325195,-0.44734859466552734,-0.44734859466552734,-0.44734859466552734,20.00265145301819,1,annual_hdf5,loaded,6.549727726821438e-06,0.00038440246447481684,58.68983880057654,61.96260756974407,37088.11423291834,598.5563824306874,-0.44734859466552734,0.0030833333333333333,0.41975,4.1666666666666665e-05,-159839.0,138480.0
2013,20130626032300,midyear_median,IWTH23,N.KMIH,44.0,0.0,3.7,44.8847474561881,13200,1.0,1,24000,1.0,-119.99387097358704,119.9961290359497,0.009999990463256836,0,0,1,1,0.0,0.5,1,PASS,,,14,IWTH23,surface,44.0,44.0,2013-06-26T03:23:08+09:00,2013-06-26T03:23:21.053871+09:00,-13.053870916366577,106.93612909317017,0.05612897872924805,1.9461290836334229,-0.0038709640502929688,-0.0038709640502929688,0.036128997802734375,0.05612897872924805,0.05612897872924805,7.70612907409668,1,annual_hdf5,loaded,8.249357853030142e-06,0.004148411547559248,502.8769052654759,35.0490258142265,15652.630033448053,446.592442152689,0.05612897872924805,0.00016666666666666666,0.2562083333333333,4.1666666666666665e-05,-142291.0,126128.0
2013,20131231171800,latest_farthest,TCGH16,N.HGAH,105.0,0.0,3.3,50.32155373430909,14272,1.0,1,24000,1.0,-119.9998459815979,119.99015402793884,0.009999990463256836,0,0,1,1,0.0,0.5,1,PASS,,,8,TCGH16,surface,105.0,105.0,2013-12-31T17:18:12+09:00,2013-12-31T17:18:26.719846+09:00,-14.71984601020813,105.27015399932861,0.37015390396118164,0.2801539897918701,0.00015401840209960938,0.00015401840209960938,0.37015390396118164,0.37015390396118164,0.37015390396118164,8.440154075622559,1,annual_hdf5,loaded,1.657807349794978e-05,0.0009100522492227993,54.89493392192681,184.9282933577513,11014.772942780073,59.562399797155685,0.37015390396118164,0.000125,0.2642083333333333,4.1666666666666665e-05,-94985.0,71162.0
2014,20140101041600,earliest_closest,FKSH11,N.YBKH,170.5,0.0,3.2,61.20620179486284,13900,1.0,1,24000,1.0,-119.9955415725708,119.99445843696594,0.009999990463256836,0,0,1,1,0.0,0.5,1,PASS,,,3,FKSH11,borehole,170.5,170.5,2014-01-01T04:16:15+09:00,2014-01-01T04:16:23.335541+09:00,-8.335541486740112,111.65445852279663,-0.09554147720336914,6.664458513259888,-0.015541553497314453,-0.015541553497314453,-0.09554147720336914,-0.09554147720336914,-0.09554147720336914,7.714458465576172,1,annual_hdf5,loaded,3.7457450458314486e-06,0.00022041194754887335,58.84328614254316,165.07934934130122,6350.41076849889,38.46883813050068,-0.09554147720336914,0.0013333333333333333,0.204375,4.1666666666666665e-05,-40981.0,38593.0
2014,20140701044300,midyear_median,FKSH20,N.NMEH,12.0,0.0,3.5,95.01015283779864,13500,1.0,1,24000,1.0,-119.9922604560852,119.99773955345154,0.009999990463256836,0,0,1,1,0.0,0.5,1,PASS,,,12,FKSH20,surface,12.0,12.0,2014-07-01T04:44:07+09:00,2014-07-01T04:44:11.792260+09:00,-4.792260408401489,115.19773960113525,-0.6022603511810303,10.20773959159851,-0.002260446548461914,-0.002260446548461914,-0.6022603511810303,,-0.6022603511810303,10.987739562988281,1,annual_hdf5,loaded,4.140112090925104e-06,0.0010833114369018762,261.6623446685018,413.0823200742132,9270.962592866683,22.44337785069351,-0.6022603511810303,0.0005416666666666666,0.25366666666666665,4.1666666666666665e-05,-43468.0,45102.0
2014,20141231234900,latest_farthest,IBRH07,N.EDSH,3.0,0.1337371819934819,4.2,43.990942580338185,13610,1.0,1,24000,1.0,-119.99823212623596,119.99176788330078,0.009999990463256836,0,0,1,1,0.1337371819934819,0.5,1,PASS,,,39,IBRH07,surface,3.0,3.0,2014-12-31T23:49:47+09:00,2014-12-31T23:50:00.098232+09:00,-13.09823203086853,106.89176797866821,0.5817680358886719,1.9017679691314697,0.001767873764038086,0.001767873764038086,,0.5817680358886719,0.5817680358886719,16.191767930984497,1,annual_hdf5,loaded,1.5824613922125088e-05,0.005207775994494741,329.0933996951117,55.0213881858204,32205.883961599317,585.3339042052581,0.5817680358886719,0.001875,0.35179166666666667,4.1666666666666665e-05,-153018.0,149015.0
2015,20150101140100,earliest_closest,AKTH02,N.NSSH,-5.0,0.0,4.5,155.27392043979512,14981,1.0,1,24000,1.0,-119.99280977249146,119.99719023704529,0.009999990463256836,0,0,1,1,0.0,0.5,1,PASS,,,28,AKTH02,borehole,-5.0,-5.0,2015-01-01T14:01:30+09:00,2015-01-01T14:01:33.802810+09:00,-3.802809715270996,116.18719029426575,-0.04280972480773926,11.197190284729004,-0.01280975341796875,-0.01280975341796875,-0.03280973434448242,-0.04280972480773926,-0.04280972480773926,17.597190380096436,1,annual_hdf5,loaded,2.493592457523342e-06,0.00047997871499979114,192.48482788422862,200.84839267991484,47971.414663401374,238.8439062086584,-0.04280972480773926,0.0002916666666666667,0.45479166666666665,4.1666666666666665e-05,-154959.0,270869.0
2015,20150710093900,midyear_median,SITH04,N.TKRH,-1970.0,0.0,3.8,41.52657759853714,13727,1.0,1,24000,1.0,-119.99939131736755,119.99060869216919,0.009999990463256836,0,0,1,1,0.0,0.5,1,PASS,,,40,SITH04,borehole,-1970.0,-1970.0,2015-07-10T09:39:59+09:00,2015-07-10T09:40:08.269391+09:00,-9.269391298294067,110.72060871124268,-0.1893913745880127,5.730608701705933,-0.33939123153686523,-0.33939123153686523,-0.1893913745880127,-0.1893913745880127,-0.1893913745880127,7.150608777999878,1,annual_hdf5,loaded,5.496590598649496e-06,0.0004371197928626086,79.52562320541178,174.43685028353988,9672.591169485042,55.45038880123463,-0.1893913745880127,8.333333333333333e-05,0.24329166666666666,4.1666666666666665e-05,-44038.0,46450.0
2015,20151229021200,latest_farthest,KGSH03,N.MYJH,10.11,0.0,3.4,80.39787001637086,14200,1.0,1,24000,1.0,-119.99133539199829,119.99866437911987,0.009999990463256836,0,0,1,1,0.0,0.5,1,PASS,,,7,KGSH03,borehole,10.11,10.11,2015-12-29T02:12:29+09:00,2015-12-29T02:12:33.121336+09:00,-4.121335506439209,115.86866450309753,-0.021335601806640625,10.878664493560791,-0.011335611343383789,-0.011335611343383789,-0.011335611343383789,-0.021335601806640625,-0.021335601806640625,11.088664531707764,1,annual_hdf5,loaded,2.7353963520825984e-06,8.14583351023905e-05,29.779353562554864,124.79678428718046,4457.083051279166,35.714726759486005,-0.021335601806640625,0.002,0.15008333333333335,4.1666666666666665e-05,-19182.0,21623.0
2016,20160101004700,earliest_closest,HYGH15,N.MROH,225.0,0.0,4.0,51.49129818497167,14173,1.0,1,24000,1.0,-119.99172163009644,119.99827837944031,0.009999990463256836,0,0,1,1,0.0,0.5,1,PASS,,,21,HYGH15,surface,225.0,225.0,2016-01-01T00:47:28+09:00,2016-01-01T00:47:43.721722+09:00,-15.721721649169922,104.26827836036682,-0.08172154426574707,-0.7217216491699219,-0.0017216205596923828,-0.0017216205596923828,-0.08172154426574707,-0.08172154426574707,-0.08172154426574707,6.988278388977051,1,annual_hdf5,loaded,6.639795478743244e-06,0.0037150726776617026,559.5161311150623,202.3224770924924,32053.094542555482,158.4257715859336,-0.08172154426574707,0.0004583333333333333,0.26208333333333333,4.1666666666666665e-05,-278918.0,372535.0
2016,20160512153200,midyear_median,NMRH04,N.BKEH,30.0,0.0,5.0,125.66053384992742,14138,1.0,1,24000,1.0,-119.99917531013489,119.99082446098328,0.009999990463256836,0,0,1,1,0.0,0.5,1,PASS,,,13,NMRH04,surface,30.0,30.0,2016-05-12T15:32:36+09:00,2016-05-12T15:32:50.379175+09:00,-14.379175424575806,134.61082458496094,0.37082457542419434,0.6208245754241943,0.0008246898651123047,0.0008246898651123047,,0.37082457542419434,0.37082457542419434,18.51082468032837,1,annual_hdf5,loaded,0.0003596487154542574,0.013270565117641204,36.898686266346594,1815.4706118887134,163357.69188911593,89.98090677940955,0.37082457542419434,0.0,0.7050416666666667,4.1666666666666665e-05,-637452.0,638064.0
2016,20161231154800,latest_farthest,IBRH07,N.EDSH,3.0,0.1337371819934819,3.8,96.3899786643232,15022,1.0,1,24000,1.0,-119.99156260490417,119.99843740463257,0.009999990463256836,0,0,1,1,0.1337371819934819,0.5,1,PASS,,,35,IBRH07,surface,3.0,3.0,2016-12-31T15:48:44+09:00,2016-12-31T15:48:48.211563+09:00,-4.211562633514404,115.77843737602234,-0.15156269073486328,10.788437366485596,-0.021562576293945312,-0.021562576293945312,-0.3715627193450928,-0.15156269073486328,-0.15156269073486328,13.408437252044678,1,annual_hdf5,loaded,7.916036754404132e-06,0.0025668234173939117,324.2561267752888,38.63842510683946,14654.837115642056,379.281429693882,-0.15156269073486328,0.0005,0.22808333333333333,4.1666666666666665e-05,-104175.0,101712.0
2017,20170101014600,earliest_closest,FKOH03,N.UMIH,85.0,0.0,3.6,92.9502430925174,14774,1.0,1,24000,1.0,-119.99987983703613,119.99012017250061,0.009999990463256836,0,0,1,1,0.0,0.5,1,PASS,,,12,FKOH03,borehole,85.0,85.0,2017-01-01T01:46:19+09:00,2017-01-01T01:46:22.739880+09:00,-3.739879846572876,116.25012016296387,-0.39987993240356445,11.260120153427124,-0.009879827499389648,-0.009879827499389648,-0.3898799419403076,-0.39987993240356445,-0.39987993240356445,12.860120058059692,1,annual_hdf5,loaded,4.057229814882752e-06,0.0002227295759496336,54.89695829716517,102.84727307492099,10973.159832898331,106.69373630261184,-0.39987993240356445,0.0002916666666666667,0.224625,4.1666666666666665e-05,-44477.0,53447.0
2017,20170703061500,midyear_median,IBUH01,N.OIWH,-40.6,0.0,3.2,10.112009737676107,12900,1.0,1,24000,1.0,-119.99111270904541,119.99888730049133,0.009999990463256836,0,0,1,1,0.0,0.5,1,PASS,,,5,IBUH01,borehole,-40.6,-40.6,2017-07-03T06:15:24+09:00,2017-07-03T06:15:39.851113+09:00,-15.851112604141235,104.13888740539551,-0.19111251831054688,-0.8511126041412354,-0.021112680435180664,-0.021112680435180664,-0.2011125087738037,-0.19111251831054688,-0.19111251831054688,3.7088873386383057,1,annual_hdf5,loaded,7.990426166500374e-06,0.0005773520427740773,72.25547558334357,381.77824095036885,28555.08478316953,74.79495089108991,-0.19111251831054688,0.000625,0.2985,4.1666666666666665e-05,-185658.0,132608.0
2017,20171231071100,latest_farthest,OIT015,N.TAKH,267.0,0.1520342932275583,3.9,84.30090090152375,14207,1.0,1,24000,1.0,-119.994300365448,119.99569964408875,0.009999990463256836,0,0,1,1,0.1520342932275583,0.5,1,PASS,,,13,OIT015,single_surface,267.0,267.0,2017-12-31T07:11:51+09:00,2017-12-31T07:11:55.064300+09:00,-4.064300298690796,55.92569971084595,0.28569960594177246,10.935699701309204,-0.014300346374511719,-0.014300346374511719,0.28569960594177246,0.28569960594177246,0.28569960594177246,11.895699739456177,1,annual_hdf5,loaded,1.4257861219469421e-05,0.001490576853328654,104.54421111163845,53.474415919154616,24802.665763703706,463.8230327041189,0.28569960594177246,0.0050416666666666665,0.2801666666666667,4.1666666666666665e-05,-126624.0,155180.0
2018,20180101044200,earliest_closest,CHBH06,N.SSAH,-145.0,0.0,4.4,46.33878587273397,13438,1.0,1,24000,1.0,-119.99784398078918,119.99215579032898,0.009999990463256836,0,0,1,1,0.0,0.5,1,PASS,,,21,CHBH06,borehole,-145.0,-145.0,2018-01-01T04:42:33+09:00,2018-01-01T04:42:47.377844+09:00,-14.377844095230103,105.61215591430664,0.28215599060058594,0.6221559047698975,-0.02784419059753418,-0.02784419059753418,0.2721560001373291,0.28215599060058594,0.28215599060058594,8.422155857086182,1,annual_hdf5,loaded,1.507634673994565e-05,0.001650401005631275,109.46955745309587,1216.078433239186,111255.58801816354,91.48718123535794,0.28215599060058594,8.333333333333333e-05,0.5977083333333333,4.1666666666666665e-05,-616856.0,355697.0
2018,20180808180700,midyear_median,IBRH11,N.IWSH,-36.0,0.0,4.9,130.9115025885409,15126,1.0,1,24000,1.0,-119.99607443809509,119.99392557144165,0.009999990463256836,0,0,1,1,0.0,0.5,1,PASS,,,48,IBRH11,borehole,-36.0,-36.0,2018-08-08T18:07:32+09:00,2018-08-08T18:07:41.256074+09:00,-9.25607442855835,110.7339255809784,-1.0360743999481201,5.74392557144165,-0.016074419021606445,-0.016074419021606445,-1.0360743999481201,-1.0360743999481201,-1.0360743999481201,17.05392551422119,1,annual_hdf5,loaded,5.515164914496365e-06,0.0007544811186889593,136.80118915498596,274.23017032374366,46939.0075388974,171.1664602165522,-1.0360743999481201,0.0007916666666666666,0.4804583333333333,4.1666666666666665e-05,-190681.0,193502.0
2018,20181231231000,latest_farthest,YMTH11,N.MGMH,253.0,0.0173527764935863,5.0,176.07151796902568,15058,1.0,1,24000,1.0,-119.99422979354858,119.99577021598816,0.009999990463256836,0,0,1,1,0.0173527764935863,0.5,1,PASS,,,57,YMTH11,surface,253.0,253.0,2018-12-31T23:10:46+09:00,2018-12-31T23:10:49.574230+09:00,-3.5742297172546387,116.4157702922821,-0.20422983169555664,11.425770282745361,0.005770206451416016,0.005770206451416016,,-0.20422983169555664,-0.20422983169555664,25.795770168304443,1,annual_hdf5,loaded,3.7244888913240576e-06,0.0011828801641740239,317.5952992985057,123.26234111374855,57619.099995267774,467.45096251332683,-0.20422983169555664,0.0,0.505875,4.1666666666666665e-05,-243485.0,264959.0
2019,20190102174700,earliest_closest,FKSH09,N.KRYH,60.0,0.0,3.8,85.56079051378742,14229,1.0,1,24000,1.0,-119.99938011169434,119.99061989784241,0.009999990463256836,0,0,1,1,0.0,0.5,1,PASS,,,16,FKSH09,borehole,60.0,60.0,2019-01-02T17:47:13+09:00,2019-01-02T17:47:28.289380+09:00,-15.289380073547363,104.70061993598938,0.0006198883056640625,-0.2893800735473633,-0.029380083084106445,-0.029380083084106445,0.06061983108520508,0.0006198883056640625,0.0006198883056640625,10.510619878768921,1,annual_hdf5,loaded,4.5075337362757025e-06,0.0004858137946412764,107.778182719199,85.8307483855352,10942.219447016527,127.48600767019045,0.0006198883056640625,0.002416666666666667,0.22095833333333334,4.1666666666666665e-05,-97820.0,76326.0
2019,20190621053300,midyear_median,YMTH11,N.MGMH,253.0,0.0173527764935863,4.0,96.46181727229173,14875,1.0,1,24000,1.0,-119.99284958839417,119.99715042114258,0.009999990463256836,0,0,1,1,0.0173527764935863,0.5,1,PASS,,,22,YMTH11,surface,253.0,253.0,2019-06-21T05:33:36+09:00,2019-06-21T05:33:39.742850+09:00,-3.742849588394165,116.24715042114258,-0.052849531173706055,11.257150411605835,-0.002849578857421875,-0.002849578857421875,-0.08284950256347656,-0.052849531173706055,-0.052849531173706055,13.547150373458862,1,annual_hdf5,loaded,4.530949585751175e-05,0.0011637105398065192,25.683590553868203,73.48594208561612,20172.333913886447,274.5060257972104,-0.052849531173706055,4.1666666666666665e-05,0.36125,4.1666666666666665e-05,-115167.0,124963.0
2019,20191227141000,latest_farthest,MYGH13,N.MSRH,90.0,0.0,4.8,144.77864264733776,13377,1.0,1,24000,1.0,-119.99727892875671,119.99272108078003,0.009999990463256836,0,0,1,1,0.0,0.5,1,PASS,,,8,MYGH13,surface,90.0,90.0,2019-12-27T14:10:11+09:00,2019-12-27T14:10:23.767279+09:00,-12.767278909683228,107.22272109985352,0.23272109031677246,2.2327210903167725,0.002721071243286133,0.002721071243286133,,0.23272109031677246,0.23272109031677246,18.7727210521698,1,annual_hdf5,loaded,0.00014578233829284643,0.0047565642687675234,32.62785001577196,246.37546122683736,51483.15966386808,208.9622051137132,0.23272109031677246,0.0005833333333333334,0.4545416666666667,4.1666666666666665e-05,-238946.0,267256.0
2020,20200103032400,earliest_closest,CHBH06,N.SSAH,-145.0,0.0,5.8,55.9455540683262,13872,1.0,1,24000,1.0,-119.99260187149048,119.99739813804626,0.009999990463256836,0,0,1,1,0.0,0.5,1,PASS,,,30,CHBH06,borehole,-145.0,-145.0,2020-01-03T03:23:49+09:00,2020-01-03T03:24:03.712602+09:00,-14.712601900100708,245.27739810943604,0.33739805221557617,0.287398099899292,-0.03260183334350586,-0.03260183334350586,0.32739806175231934,0.33739805221557617,0.33739805221557617,14.94739818572998,1,annual_hdf5,loaded,1.0754660377625673e-05,0.008488121585564631,789.2505469743685,836.8557050367953,922776.0307239477,1102.6704187711484,0.33739805221557617,0.00016666666666666666,0.6544583333333334,4.1666666666666665e-05,-2815891.0,2945225.0
2020,20200607214400,midyear_median,IBRH15,N.GZNH,45.0,0.0,4.2,103.90653231692248,13700,1.0,1,24000,1.0,-119.99141597747803,119.99858403205872,0.009999990463256836,0,0,1,1,0.0,0.5,1,PASS,,,23,IBRH15,surface,45.0,45.0,2020-06-07T21:44:08+09:00,2020-06-07T21:44:21.971416+09:00,-13.971415996551514,106.01858401298523,-0.14141607284545898,1.0285840034484863,-0.0014159679412841797,-0.0014159679412841797,-0.1714160442352295,-0.14141607284545898,-0.14141607284545898,14.488584041595459,1,annual_hdf5,loaded,1.100946741003766e-05,0.0009035890297157574,82.07381847480909,55.937488606291105,13259.46102808607,237.04069235948543,-0.14141607284545898,0.0009166666666666666,0.24991666666666668,4.1666666666666665e-05,-109548.0,151608.0
2020,20201231234500,latest_farthest,NMRH01,N.STNH,80.0,0.0111194926645683,4.1,100.257339068591,13900,1.0,1,24000,1.0,-119.99211549758911,119.99788451194763,0.009999990463256836,0,0,1,1,0.0111194926645683,0.5,1,PASS,,,10,NMRH01,surface,80.0,80.0,2020-12-31T23:45:50+09:00,2020-12-31T23:45:53.482116+09:00,-3.4821155071258545,116.50788450241089,-0.36211562156677246,11.517884492874146,-0.002115488052368164,-0.002115488052368164,-0.36211562156677246,-0.36211562156677246,-0.36211562156677246,12.117884397506714,1,annual_hdf5,loaded,7.7685799443189e-06,0.001745726253705574,224.71626297444612,1354.9943864711843,14543.468637180977,10.733231652019292,-0.36211562156677246,0.000125,0.3890416666666667,4.1666666666666665e-05,-94252.0,107136.0
2021,20210101015300,earliest_closest,KNGH20,N.MTDH,465.0,0.0,4.7,99.86444729968508,14910,1.0,1,24000,1.0,-119.99946570396423,119.99053430557251,0.009999990463256836,0,0,1,1,0.0,0.5,1,PASS,,,7,KNGH20,surface,465.0,465.0,2021-01-01T01:53:38+09:00,2021-01-01T01:53:53.099466+09:00,-15.099465608596802,104.89053440093994,-0.1694655418395996,-0.09946560859680176,0.0005342960357666016,0.0005342960357666016,-0.17946553230285645,-0.1694655418395996,-0.1694655418395996,13.160534381866455,1,annual_hdf5,loaded,2.4516234031352468e-05,0.0014789917155482463,60.32703528840706,138.7741614809358,36864.45741282516,265.6435248422629,-0.1694655418395996,0.0010833333333333333,0.445625,4.1666666666666665e-05,-171850.0,201534.0
2021,20210701064400,midyear_median,IWTH15,N.YHBH,195.0,0.0,4.2,103.16282725194074,14312,1.0,1,24000,1.0,-119.99273085594177,119.99726915359497,0.009999990463256836,0,0,1,1,0.0,0.5,1,PASS,,,45,IWTH15,surface,195.0,195.0,2021-07-01T06:44:03+09:00,2021-07-01T06:44:18.112731+09:00,-15.112730741500854,104.87726926803589,0.08726930618286133,-0.11273074150085449,-0.002730846405029297,-0.002730846405029297,,0.08726930618286133,0.08726930618286133,16.147269248962402,1,annual_hdf5,loaded,3.114542409701481e-05,0.0025195090398700344,80.89499863678277,425.14843414110277,53976.89537210651,126.96011801419945,0.08726930618286133,0.000875,0.43254166666666666,4.1666666666666665e-05,-207702.0,234607.0
2021,20211231145200,latest_farthest,TYMH04,N.UOZH,154.0,0.0,4.3,82.71968491759218,14719,1.0,1,24000,1.0,-119.99846315383911,119.99153685569763,0.009999990463256836,0,0,1,1,0.0,0.5,1,PASS,,,18,TYMH04,surface,154.0,154.0,2021-12-31T14:52:52+09:00,2021-12-31T14:52:57.188463+09:00,-5.18846321105957,114.80153679847717,-0.14846324920654297,9.81153678894043,0.0015368461608886719,0.0015368461608886719,-0.17846322059631348,-0.14846324920654297,-0.14846324920654297,11.911536693572998,1,annual_hdf5,loaded,3.677405715058705e-05,0.0008442315072507934,22.957257715506554,594.3548297811758,22515.236208902334,37.88180911593129,-0.14846324920654297,0.0002916666666666667,0.42470833333333335,4.1666666666666665e-05,-99519.0,87960.0
2022,20220102034900,earliest_closest,ISKH03,N.UCUH,19.0,0.0,3.6,17.371850534181497,13748,1.0,1,24000,1.0,-119.99510526657104,119.9948947429657,0.009999990463256836,0,0,1,1,0.0,0.5,1,PASS,,,2,ISKH03,surface,19.0,19.0,2022-01-02T03:49:20+09:00,2022-01-02T03:49:35.475105+09:00,-15.475105285644531,104.51489472389221,0.13489460945129395,-0.47510528564453125,0.004894733428955078,0.004894733428955078,0.12489461898803711,0.13489460945129395,0.13489460945129395,3.9648947715759277,1,annual_hdf5,loaded,1.1345454436737104e-05,0.006886720503520629,607.0026142999711,461.57091546153555,88007.1707247597,190.66879601102957,0.13489460945129395,0.0005416666666666666,0.30566666666666664,4.1666666666666665e-05,-721077.0,580909.0
2022,20220607113300,midyear_median,HRSH18,N.HHIH,235.0,0.0,3.8,82.89155653978482,14873,1.0,1,24000,1.0,-119.99054837226868,119.99945163726807,0.009999990463256836,0,0,1,1,0.0,0.5,1,PASS,,,16,HRSH18,surface,235.0,235.0,2022-06-07T11:33:10+09:00,2022-06-07T11:33:25.720548+09:00,-15.720548391342163,104.26945161819458,-0.26054835319519043,-0.7205483913421631,-0.0005483627319335938,-0.0005483627319335938,-0.2805483341217041,-0.26054835319519043,-0.26054835319519043,10.389451503753662,1,annual_hdf5,loaded,1.6837081390844434e-05,0.0010586355037668423,62.87523824304257,93.48698755498148,8247.390082525097,88.21965813878268,-0.26054835319519043,0.0017083333333333334,0.22741666666666666,4.1666666666666665e-05,-84133.0,88070.0
2022,20221230231000,latest_farthest,IBRH07,N.EDSH,3.0,0.1337371819934819,3.9,49.136913093296094,13726,1.0,1,24000,1.0,-119.99627232551575,119.993727684021,0.009999990463256836,0,0,1,1,0.1337371819934819,0.5,1,PASS,,,47,IBRH07,surface,3.0,3.0,2022-12-30T23:10:10+09:00,2022-12-30T23:10:18.256272+09:00,-8.256272315979004,111.73372769355774,0.08372759819030762,6.743727684020996,-0.006272315979003906,-0.006272315979003906,0.07372760772705078,0.08372759819030762,0.08372759819030762,8.07372760772705,1,annual_hdf5,loaded,1.8277554165784165e-05,0.00483753786167148,264.67096296327315,46.3925130075737,28424.720868169195,612.7006067450751,0.08372759819030762,0.003833333333333333,0.29229166666666667,4.1666666666666665e-05,-181842.0,214717.0
2023,20230102142000,earliest_closest,HDKH03,N.MBEH,54.0,0.0,4.2,68.36807061336152,13800,1.0,1,24000,1.0,-119.99248790740967,119.99751210212708,0.009999990463256836,0,0,1,1,0.0,0.5,1,PASS,,,6,HDKH03,borehole,54.0,54.0,2023-01-02T14:20:45+09:00,2023-01-02T14:20:48.992488+09:00,-3.992487907409668,115.99751210212708,0.17751216888427734,11.007512092590332,-0.022487878799438477,-0.022487878799438477,0.14751219749450684,0.17751216888427734,0.17751216888427734,13.527512073516846,1,annual_hdf5,loaded,2.6856572947414116e-06,0.00031369879419463785,116.80522113110575,187.2552339230574,32520.30048423087,173.66831251079134,0.17751216888427734,0.0,0.37004166666666666,4.1666666666666665e-05,-143747.0,142607.0
2023,20230605113500,midyear_median,IWTH26,N.ICEH,17.5,0.0,4.3,111.73745364018733,14144,1.0,1,24000,1.0,-119.99425601959229,119.99574398994446,0.009999990463256836,0,0,1,1,0.0,0.5,1,PASS,,,29,IWTH26,borehole,17.5,17.5,2023-06-05T11:35:23+09:00,2023-06-05T11:35:24.434256+09:00,-1.4342560768127441,118.555743932724,0.5057439804077148,13.565743923187256,-0.014256000518798828,-0.014256000518798828,,0.5057439804077148,0.5057439804077148,18.325743913650513,1,annual_hdf5,loaded,1.1285961127870583e-06,0.0006749407516566694,598.035687000471,118.53633464714078,52266.56478871874,440.9328577967757,0.5057439804077148,0.001625,0.448875,4.1666666666666665e-05,-230175.0,207253.0
2023,20231231073900,latest_farthest,IWTH23,N.KMIH,44.0,0.0,4.0,77.23808657324635,14071,1.0,1,24000,1.0,-119.99968695640564,119.9903130531311,0.009999990463256836,0,0,1,1,0.0,0.5,1,PASS,,,36,IWTH23,surface,44.0,44.0,2023-12-31T07:39:24+09:00,2023-12-31T07:39:28.709687+09:00,-4.709686994552612,115.28031301498413,-0.19968700408935547,10.290313005447388,0.00031304359436035156,0.00031304359436035156,-0.18968701362609863,-0.19968700408935547,-0.19968700408935547,10.6303129196167,1,annual_hdf5,loaded,6.4232710567593015e-06,0.0030051979079225868,467.86098256902505,35.02927347234024,12823.354329516647,366.07537234942095,-0.19968700408935547,0.0002916666666666667,0.26595833333333335,4.1666666666666665e-05,-74137.0,64296.0
2024,20240101160600,earliest_closest,GNMH08,N.TUMH,890.0,0.0,5.5,160.4001442819342,15926,1.0,1,24000,1.0,-119.99349999427795,119.99650001525879,0.009999990463256836,0,0,1,1,0.0,0.5,1,PASS,,,18,GNMH08,borehole,890.0,890.0,2024-01-01T16:06:21+09:00,2024-01-01T16:06:32.253500+09:00,-11.253499984741211,108.73650002479553,-0.07349991798400879,3.746500015258789,-0.02349996566772461,-0.02349996566772461,-0.05349993705749512,-0.07349991798400879,-0.07349991798400879,23.986500024795532,1,annual_hdf5,loaded,1.1718853675330806e-05,0.0007397100609389416,63.12136676781748,171.410007077521,108327.1071477218,631.9765630645494,-0.07349991798400879,0.0,0.5206666666666667,4.1666666666666665e-05,-463811.0,376798.0
2024,20240216233100,midyear_median,MYZH13,N.MJSH,35.0,0.0,3.0,22.749968827954312,13789,1.0,1,24000,1.0,-119.99052953720093,119.99947047233582,0.009999990463256836,0,0,1,1,0.0,0.5,1,PASS,,,4,MYZH13,borehole,35.0,35.0,2024-02-16T23:30:51+09:00,2024-02-16T23:31:05.880530+09:00,-14.880529642105103,105.10947036743164,-6.17052960395813,0.11947035789489746,-0.010529756546020508,-0.2805297374725342,-6.160529613494873,-6.17052960395813,-6.17052960395813,0.21947026252746582,1,annual_hdf5,loaded,0.00023474208935654253,0.0003635146908884876,1.5485705690229088,5447.92078754532,15869.177193645968,2.9128869182395314,-6.17052960395813,0.0007083333333333334,0.278125,4.1666666666666665e-05,-196125.0,104898.0
2024,20241229013300,latest_farthest,WKYH10,N.INMH,40.0,0.0578236149018861,3.9,81.85404728501432,14651,1.0,1,24000,1.0,-119.99484753608704,119.9951524734497,0.009999990463256836,0,0,1,1,0.0578236149018861,0.5,1,PASS,,,39,WKYH10,surface,40.0,40.0,2024-12-29T01:33:36+09:00,2024-12-29T01:33:50.504848+09:00,-14.504847526550293,105.48515248298645,-0.02484750747680664,0.49515247344970703,-0.004847526550292969,-0.004847526550292969,,-0.02484750747680664,-0.02484750747680664,10.835152387619019,1,annual_hdf5,loaded,1.256523887511304e-05,0.0040235789069476445,320.21507485359666,167.51162724765675,28074.59043571844,167.59786109779532,-0.02484750747680664,0.0015,0.23829166666666668,4.1666666666666665e-05,-315100.0,249201.0
